tx_id,op_id,tick_order_id,orc_p,orc_tick,orc_id,orc_op,orc_amt,orc_n,orc_msg,block_height,index,time
ff1ea8e98eb2598db91803bf60528baa9e0fd3e366ecdcef8c9a351d063fd922,231356,74,orc-20,orcd,5997908,send,10000,5,,789946,1512,2023/5/16 03:40
fefe9357c396df12a8a834bb538921ddda4425aa4fc261187d1ef9cf6b2dd908,7063,1,orc-20,sigma,1,send,10000,5,,788135,228,2023/5/3 20:46
feaad38407928c79578a7e2ddc54d6bf44ad65e9658bec0d88d159597e87a0b3,233534,224,orc-20,orc,2504160,send,,6,,790003,1026,2023/5/16 13:19
fe2f8c1ec27d12a320a227d05ad08a3a2d94c3f0ba23ff34f49e2ccfebcab43f,227821,202,orc-20,orc,2504160,send,,6,,789903,1884,2023/5/15 19:55
fe23aacd90943cc82bf44c1cb5d785bae41bdff61d14589982def328da85fe92,235252,133,orc-20,orcd,5997908,send,,6,,790045,1989,2023/5/16 18:50
fde4513bf2eb4a0a4d7ae4841c40164cadd1191627cdb9a4690d1f347b6f9540,248687,7,orc-20,doge,3388833,send,1000000000,5,,790297,3525,2023/5/18 08:17
fdda3cb0b07254ba416290ceca9d95bae615d491ef0adeb623808d868c044263,244287,169,orc-20,orcd,5997908,send,2000,5,,790164,3216,2023/5/17 12:40
fdc051f4aeb8795bf9f8a3a30d4ea534cf521038b3baea29e413125deae1a041,242464,242,orc-20,orc,1,send,,6,,790118,813,2023/5/17 05:35
fd356c9c33cd3301eb3695612dd9a75550186bd24da35a87d4f4c4db9026af7a,234303,125,orc-20,orcd,5997908,send,,6,,790026,3278,2023/5/16 16:09
fd32533ff68b2c94b4bbcb3fb1f55df8f4488db02014d867e27a3b0506da4495,141625,1,orc-20,doge,338833,send,1000000000,6,,789696,1981,2023/5/14 12:52
fc88b733418b7c0ad6f54be609fd8c32c9c2c735216eb3ee70480d05a4fa1e9d,244710,202,orc-20,orcd,5997908,send,5000,5,,790196,2327,2023/5/17 16:50
fc146f822fdc60e9b28fa6a58c1001c1da2517c4b505ac0cbc613e4dbc70b1d7,105510,53,orc-20,orc,1,send,,6,,789583,2307,2023/5/13 19:51
fbab381463f8fed5c85cb22f91b5bf6e2ab82f94ff80d13a1e4de841ee21fcef,150728,110,orc-20,orc,1,send,10000,5,,789712,3056,2023/5/14 15:10
fb60de6701a4fa2acb8516db3f21266ab7e53ad950b4fef0dae119661e4a0dc3,224167,182,orc-20,orc,2504160,send,20000,5,,789875,2894,2023/5/15 15:22
fb0c5ed15c475549b509e8fbdb98943630d99c46e8d20597f1717971702541d5,252114,262,orc-20,orcd,5997908,send,,6,,790385,374,2023/5/19 01:41
fa709f8b2d107a23d9cf7b2d236eb3a7be1c335602eb6aa09ad0f10a08fbaca1,191241,42,orc-20,orcd,5997908,send,,6,,789840,4045,2023/5/15 10:23
fa537b257a33628f629667702eb109dd0336517c5bcb6827a452761cdb399a62,88875,37,orc-20,orc,2504160,send,,6,,789550,3309,2023/5/13 15:21
fa391114a0baf5ee152014290eb9346b523ad1cd1de5c31087e84bb05e5e0a14,234996,233,orc-20,orc,2504160,send,,6,,790037,1441,2023/5/16 17:04
f9ef652b36554ead169515cd63974d421fd062bc44ad349bb47045a22548bb78,244712,267,orc-20,orc,2504160,send,,6,,790197,955,2023/5/17 17:13
f9e8547525a6d1e4386926f72edd94d9f764cf720413ec89d887c9b24217529d,237790,142,orc-20,orcd,5997908,send,,6,,790093,403,2023/5/17 02:40
f9dcd61f55e438d90b230fd89880bb3a7ad3f0044c032333aa50effb4895e066,238834,145,orc-20,orcd,5997908,send,,6,,790099,678,2023/5/17 03:34
f9a102034741e523cf67f6b254779b81555e6e63ab18be53ef297b439629bde2,232865,94,orc-20,orcd,5997908,send,10000,5,,789972,2111,2023/5/16 07:37
f847faf577c3007ab09e72033ee8f25b5cf0bcf1021f771dd7ef07b054c02663,246015,221,orc-20,orcd,5997908,send,,6,,790257,1061,2023/5/18 03:44
f820dd05fb06c58a89bc5b6a7ee1b51d536a85b3747f5946e67d32aefeb2d3a2,223572,172,orc-20,orc,2504160,send,50000,5,,789872,1062,2023/5/15 14:34
f7ef38159232e42e2d9648faf2d982fc210f2b5f02e48089e0e0740875eb044b,243192,152,orc-20,orcd,5997908,send,,6,,790125,1091,2023/5/17 06:56
f7e531bd8aa8fc241479b068ffcd11a605f3c9aa05c449d0cf25f84bcb8c958a,234107,124,orc-20,orcd,5997908,send,5000,5,,790023,2031,2023/5/16 15:33
f75aeb04fc1094bc99d7e29e0ba2e9a3900d414748824135e2abd9d08b481a09,144418,16,orc-20,orcd,5997908,send,1000,5,,789702,2206,2023/5/14 13:44
f6d31c6bb99035f71bd6bea755525da824b413804ade9ec16b9abec0910f8402,248683,3,orc-20,doge,3388833,send,1000000000,5,,790297,3521,2023/5/18 08:17
f6a6a73db3dc5f70811e671d5be4b52a54bc07f164161574eeca87f5198d90d4,252559,280,orc-20,orcd,5997908,send,100000,5,,790416,2165,2023/5/19 07:14
f68ce7cba5f563b61dceab04d43908fd9a1beb52861a38d886ce8f35e3b426b7,240515,238,orc-20,orc,2504160,send,,6,,790107,198,2023/5/17 04:25
f6323fcf359a51e66e0045cfca1402f5c32c01cc3e8521ea68c2626b4700b816,224572,187,orc-20,orc,2504160,send,,6,,789877,820,2023/5/15 15:31
f56dcd6fd171ad3e9f4271bc516f0ee8905f87e7c24081ed3a9a6b7042a5b4e9,244620,260,orc-20,orc,2504160,send,400000,5,,790183,1202,2023/5/17 15:00
f50bd8e704a37bd0167bf3d857c57041ce289ccef065c9a09751abef5a15c890,237163,140,orc-20,orcd,5997908,send,30000,5,,790091,228,2023/5/17 02:22
f4021945c0b10965af7388124985ffc781e135b296ee61c326e1fdcc74ada4ef,244715,269,orc-20,orc,2504160,send,,100,,790198,1954,2023/5/17 17:24
f3ebe922b11a0b2a4ce547ab9686339baa21495b18f7892efdfd18fce74ef5fd,224574,189,orc-20,orc,2504160,send,,6,,789877,822,2023/5/15 15:31
f31084e9990980aebe64caeee36ff6e64c3f70426653d9f17d4f3532463153eb,248698,18,orc-20,doge,3388833,send,1000000000,5,,790297,3536,2023/5/18 08:17
f293b7795414997e88a765d432c1d191a6931c616b78c747bdc5535177b166fb,235239,130,orc-20,orcd,5997908,send,6000,5,,790039,1682,2023/5/16 17:17
f2882518fad1256291da32aaada62949a7dfcbf00191099e149aa42a716f6192,243899,159,orc-20,orcd,5997908,send,1000,5,,790139,2262,2023/5/17 08:40
f27b47ea342b2db4283216955ed0cfdf0a9b0b502e375909d81bff3e92faa9a9,181205,40,orc-20,orcd,5997908,send,,6,,789824,691,2023/5/15 07:40
f1deda3dddc5af01ad7e5585b06e1f1af9aeba9976fdef0b4732a483b4b6dbe7,116247,78,orc-20,orc,1,send,,6,,789635,842,2023/5/14 05:24
f077a830a0fd4136271dceefa53c50d92bd71432b918e9e077618f2598f14296,232308,86,orc-20,orcd,5997908,send,,6,,789955,1015,2023/5/16 04:42
f04f1278fbb4386d8436f90b51c94962ef518cc7f977a9ae771b3867772df907,57822,24,orc-20,orc,3383343,send,10000,5,,789503,4131,2023/5/13 07:30
ef084bd5b069b47164eb5cf5dc93780f8c0f9254d2b67310c99a80f86b42520d,252218,270,orc-20,orcd,5997908,send,,6,,790390,2922,2023/5/19 02:38
ef01f2ca374006725980c8fc783d6cdee700a34c9f271cb98cf2fced6da2ccea,248697,17,orc-20,doge,3388833,send,1000000000,5,,790297,3535,2023/5/18 08:17
eee6a6179d3055108909004a8bf8d52f8ad4164a0b0bd03b6100449f4d00dd49,130922,87,orc-20,orc,1,send,,6,,789675,1820,2023/5/14 10:52
eee2cd2e3a4942c60b2bedce77e4eb7a98362117b1777729f1a0dfd441837ef7,150734,111,orc-20,orc,1,send,10000,5,,789712,3176,2023/5/14 15:10
ee5cdca1423a192d88cf7aa32535ea3a350ef919c67ecb981d3e2b40e1c27057,251448,285,orc-20,orc,2504160,send,200000,5,,790314,820,2023/5/18 10:20
edf99e76c2970e73204861a36b51a89f2df6affd50a4bf58298014ec3e5305dd,26043,11,orc-20,orc,1,send,10000,5,,788237,2364,2023/5/4 10:15
edbc3cedd1883377375e1c73b9434885fbcd688f1e63821af0b54ab7ec657d8f,244705,200,orc-20,orcd,5997908,send,30000,5,,790195,783,2023/5/17 16:38
ed9b2734e85cf95df0158a28d61fbe5a7cb6008a543002224ffc76dc86893c2a,248685,5,orc-20,doge,3388833,send,1000000000,5,,790297,3523,2023/5/18 08:17
ed98995982e372426597072c9ad7425c2ec76157b5ed2cfd3a2f0c0e3ac869bf,240590,239,orc-20,orc,1,send,20000,5,,790108,1195,2023/5/17 04:36
ed29ec86dcb5845eb9bef234aac7c2bf0ee3b4f97a9a613a63911f541e93e954,115171,76,orc-20,orc,1,send,,6,,789634,977,2023/5/14 05:12
ec3fc256b08725a6919f6d74e684c1f08e1340b2d34da0ee8d6bea31e192f243,251052,239,orc-20,orcd,5997908,send,,6,,790308,1579,2023/5/18 09:08
eba88e98f8d35024e5ff44d94258c91ed4671e1024ca1a119a4afe73923e795c,142556,99,orc-20,orc,1,send,,6,,789699,350,2023/5/14 13:09
eb6f086d145eb953b5afe3ab4e644f8ff5a37d4e0e7a9abe9576623b67d59a2a,115173,77,orc-20,orc,1,send,,6,,789634,1022,2023/5/14 05:12
eb62ce582b85fdc0a72f3baeaea9e01182e028e364ceb4f76cfce77aa3bc60e6,150873,21,orc-20,orcd,5997908,send,,6,,789713,602,2023/5/14 15:14
eb43873f1bddb2e63e3a6c57fd571f0d5d280ac2dce6eac31c65e74d257140c1,251751,254,orc-20,orcd,5997908,send,,6,,790364,2426,2023/5/18 21:29
eb1390d8869353e947a71e7924e5080f406705c73a8a41cb24b02b175d776568,252117,290,orc-20,orc,2504160,send,,6,,790386,988,2023/5/19 01:55
eb0aca391310bbe214f2230e7618e0961168ba12c02a790f306f16aa7100965d,252557,279,orc-20,orcd,5997908,send,,6,,790413,3496,2023/5/19 06:50
eac4107a18861fee4f17b0b632233a968aac9344097b94c54be41eea950127b8,232923,100,orc-20,orcd,5997908,send,,6,,789975,3414,2023/5/16 08:18
eaa6bf71dde3bb30070055ece2c05e702df1705d8fb22476164cedaf8684b733,248620,284,orc-20,orc,2504160,send,,6,,790295,53,2023/5/18 07:43
e914cfff9d93180be568a3bff339d80c98a6b33820e8ec593cca05035a55cbdc,232666,90,orc-20,orcd,5997908,send,4000,5,,789966,2267,2023/5/16 07:07
e8940b166eac7399553f0cf41e016903d18dbed392c706bbe068e84d7d6b3b0e,248684,4,orc-20,doge,3388833,send,1000000000,5,,790297,3522,2023/5/18 08:17
e871b562aa6571458edc8ab925df7c5a5c258552be6f4441fbd3286545dc8ceb,251553,246,orc-20,orcd,5997908,send,,6,,790319,1065,2023/5/18 12:26
e7a8294ab71ff136e67ff661943b89a58ab8c06048bd3a545e41dd48bec91935,232818,93,orc-20,orcd,5997908,send,10000,5,,789971,3291,2023/5/16 07:28
e6b4e9be7046dc06726338aa6b7d1530c9fee24a42da2c4106eac1ed3b773eac,138149,12,orc-20,orcd,5997908,send,,6,,789688,328,2023/5/14 12:12
e6766c97312e959ac77e604263df0759bfabd616d655bbe9b1f24e0df69fd9f8,223874,176,orc-20,orc,2504160,send,10000,5,,789873,2545,2023/5/15 14:50
e61d08fb488a00eb52af63af8e77bf68afa829938a69babac01b4d166fe8512b,159262,122,orc-20,orc,1,send,,6,,789726,1173,2023/5/14 16:14
e5ed27dee1c8c835118b10e9feb55d5b4c6d42a9c9805415fc2111889e8b516f,246014,275,orc-20,orc,2504160,send,,6,,790257,793,2023/5/18 03:44
e5848d0fd14a28cdc606251b5db17bd7a5731d9e26cd8391499d7416a4a8b8f5,235248,2,orc-20,key,6822997,send,,6,,790042,524,2023/5/16 18:15
e453a7fe948d128c63fb97fbc664ac8ca1705df8fbfe2aedfeb9a2c7d16f0245,243067,246,orc-20,orc,2504160,send,,6,,790122,1725,2023/5/17 06:21
e4189c444e2f293affb8dbe58f9877c4eb8073d7214512400c0d6e5ba479fe40,251542,243,orc-20,orcd,5997908,send,5000,5,,790316,1765,2023/5/18 11:02
e3f1c074f8ab6e6adfc21d6b150339f0027d1d125b98db4e3f36dcae0e695563,113575,2,orc-20,orcd,5997908,send,,6,,789631,3008,2023/5/14 04:34
e3ebaffcbc95a0522409c88b131fca9fe149e3270154b423c2de900cb273b270,213496,47,orc-20,orcd,5997908,send,9000,5,,789863,1408,2023/5/15 13:36
e3b2f0400cb375e40aea25923d13d9da8966d4182e53805f179b996c29069706,109837,63,orc-20,orc,2504160,send,30000,5,,789626,678,2023/5/14 03:58
e379ff2295c7e99f07e99d81280be81931711194b82ba16b7af8365d5095dba2,244779,207,orc-20,orcd,5997908,send,,6,,790214,1830,2023/5/17 20:52
e36bbc635abef7411aaed53010fd2cf6519b0688607703168157d72a0cf1ecbf,228875,206,orc-20,orc,1,send,,6,,789934,612,2023/5/16 01:21
e2f9c7ebba925e1d6234ace9ba6a952874adcbcee2d9a054ea50dc91d059e172,244303,173,orc-20,orcd,5997908,send,,6,,790167,157,2023/5/17 13:07
e278fdfe4414b7c9bab5651d4ca4539fc9c0b1074b695ae2aafe10af9f648ff1,227708,199,orc-20,orc,2504160,send,180000,99,,789901,3199,2023/5/15 19:34
e269197be15a361a05067db9aae2b4f909002eccfd27373cd4229619e1e22949,162568,124,orc-20,orc,1,send,,6,,789734,520,2023/5/14 17:39
e222c3c38e7a1acb05dff4e40a7cfd2798b846a0ca19023107025e62eb13958f,208410,159,orc-20,orc,1,send,,6,,789854,1497,2023/5/15 12:44
e1b338801fd042f63ae419438f71c21f3c616e0344fec15c2e1bee750853fc69,130923,88,orc-20,orc,1,send,,6,,789675,1912,2023/5/14 10:52
e0f4bab64abbb918cd6fe397f42079e3db54fa178f6440a4a91d744d3f1bdbbe,142329,95,orc-20,orc,1,send,10000,5,,789698,1337,2023/5/14 13:06
e07f5edd57cd03fc72ae5402f1d3b79b490dd471b5ee477211844bc6c8ea1ee4,244809,273,orc-20,orc,2504160,send,10000,5,,790221,3996,2023/5/17 21:57
dfcc40fae691615eba69d84e95f5d63e1b20e8d3da79e592d0804c05af77cc79,231478,78,orc-20,orcd,5997908,send,,6,,789947,2615,2023/5/16 03:49
dfc7bd9f380e2d09fdd830127b747e53abd312594526e09140ea94aae1935a41,225720,192,orc-20,orc,2504160,send,,6,,789885,91,2023/5/15 17:12
dfbc6e532be86a9bd9f97bfc8cb53dd982dd4216c174f9bfdae0a83a631e9819,248626,234,orc-20,orcd,5997908,send,1000,5,,790295,1758,2023/5/18 07:43
df9f0ec4df693ce0b1b35494e412ca857ad5adad498d9ed8ce294133925b0cf2,247723,279,orc-20,orc,2504160,send,,6,,790279,978,2023/5/18 06:06
de70ad8871423e8934e4af182b6371e9bc36b2397f43e674d638814e1c6cc2db,248695,15,orc-20,doge,3388833,send,1000000000,5,,790297,3533,2023/5/18 08:17
de053f670f0b40e484b631ee80adf63e2bf97726c6c73f517286e4bdf9bee4a6,252613,283,orc-20,orcd,5997908,send,,6,,790421,243,2023/5/19 08:04
dd6a3ad9df13e2e151889d9ec3304d1f7ab9aef281d55b5481a92e1a05c9d0a1,244611,187,orc-20,orcd,5997908,send,,6,,790180,2588,2023/5/17 14:50
dd68f05138bd116ad373392fc8da0119024667d537fa53dbabe046778f11a7b3,252242,272,orc-20,orcd,5997908,send,,6,,790392,814,2023/5/19 02:53
dd47ef63d7159fa09d6bb2a3072664a9e4257149761a884ae87ec79d0745fe21,176502,139,orc-20,orc,2504160,send,10000,5,,789807,1665,2023/5/15 05:33
dd152678a4ae45a6c3bcf270d106689f96d33978699fe0cde092c897d60b5b00,137047,8,orc-20,orcd,5997908,send,,6,,789686,2005,2023/5/14 12:08
dcfb953f2dd703b304ba645689a6d48b8d76105f69e6140e6526821f9a11a991,234168,228,orc-20,orc,2504160,send,10000,5,,790024,548,2023/5/16 15:58
dcdc37c6670d2543440190a4f4a13a7268ae292fa0dad334bbf7c92df8614be2,231435,77,orc-20,orcd,5997908,send,,6,,789947,615,2023/5/16 03:49
dcd89fa52b3e7e86f87a7e989040c96d149332de2147c1bd697ddf6a389281f0,234451,126,orc-20,orcd,5997908,send,,6,,790028,1810,2023/5/16 16:21
dc934d7d917612593ca5bdf8855116255554f2d7e66d14b42bb05e49d331169f,235249,3,orc-20,key,6822997,send,10000000,5,,790042,1753,2023/5/16 18:15
dc687488b74d81a8bde1ee924892b462a4be38547c673c58b933bc5a0e2fdc64,247722,278,orc-20,orc,2504160,send,300000,5,,790279,72,2023/5/18 06:06
dc1bc59746c210f8da81322222772bc2866ba9493f7eb45d6c904440597c86a0,231332,73,orc-20,orcd,5997908,send,10000,5,,789946,842,2023/5/16 03:40
dbf4b284c4791000618d396009b3a5d3bf6b807ce46a91dd2fdd16190ceea62e,244722,205,orc-20,orcd,5997908,send,,6,,790200,1820,2023/5/17 18:02
db761f7f3df1e6dfc62867a4193b6ed3fdc1ee318afca3134b416c5239ffb513,246613,222,orc-20,orcd,5997908,send,21000,5,,790266,1935,2023/5/18 04:23
db36983d491afe64492cf17a3451bb0936d0f7496b9103a9872d9c747228ca3a,225864,60,orc-20,orcd,5997908,send,,6,,789888,382,2023/5/15 17:27
db3395f3654713bbad92c3a4fea26d6ec7bdf3e299e84b85cc2cf16869708f57,87054,36,orc-20,orc,3383351,send,10000,5,,789549,3052,2023/5/13 15:16
dadb2ad313cc111b614c544f8c8deaeec3711e62f19b398a5f9c8a64486723ef,24034,9,orc-20,orc,1,send,5000,5,,788220,1596,2023/5/4 07:33
dac8aa9bf395009ad2fcddb9124e8639d2dada879db2928a2ad2f91b4ad7bad3,248694,14,orc-20,doge,3388833,send,1000000000,5,,790297,3532,2023/5/18 08:17
da953713042fbd6c09ad3c99c045882c86ea15dcef3f2e50285f362e15fe5eae,233930,120,orc-20,orcd,5997908,send,10000,5,,790020,2385,2023/5/16 15:06
da860ff842ec8fa67d8deaa57038c8050d0421b9ec1afe1f93f63b1031069f88,235251,132,orc-20,orcd,5997908,send,10000,5,,790045,73,2023/5/16 18:50
da0506720e87d2a59b53a158ab0a5175c82bf1d5bbc55f6eaf5d299b42e0fb5d,244052,162,orc-20,orcd,5997908,send,6000,5,,790148,1164,2023/5/17 10:46
d91fd29417986839320210cdcf9b92acfead69ae03c4ac8d5fc27d1af2f963df,234855,1,orc-20,ordinals,3388495,send,10000,5,,790036,3760,2023/5/16 16:59
d8b0bec3852eb207dce9b6bd0f0c91a68f3c902d11c59d47a73f9dcad9303c8b,244279,168,orc-20,orcd,5997908,send,5000,5,,790161,2309,2023/5/17 12:31
d84eb276884536270120947b5763adc492d16fe06e5c35f67f520a5d7eb79b93,248232,282,orc-20,orc,2504160,send,,6,,790287,54,2023/5/18 07:16
d831c0eabee1367ed3c143123bb562f8b309598a7233df2102f513b69e9d8312,252692,288,orc-20,orcd,5997908,send,,6,,790430,367,2023/5/19 09:04
d7dde083611daa4a5e851db192ae7606d6912c9858a60c42824fc350e30c5097,176504,141,orc-20,orc,2504160,send,10000,5,,789807,1692,2023/5/15 05:33
d7ab44ca367d6aff698161f5252f2626cc426c5e32430995802f9137e1803971,233924,117,orc-20,orcd,5997908,send,,6,,790017,2564,2023/5/16 15:03
d735d6676305a1c7a9051c32b17e8ee35ceb95c70ec5744d1c47adacb1e4e338,232913,221,orc-20,orc,1,send,10000,5,,789974,738,2023/5/16 08:08
d6bf7e33aa9582c3a982cc311cd23e2df4e5b8c1f0dfcd4b1eb945a442e5a84f,180003,38,orc-20,orcd,5997908,send,1000,5,,789820,1334,2023/5/15 07:20
d6b934784be78cf00c18f55a6211d9bfaa203188bc39cb576825d0349382c4da,143265,101,orc-20,orc,1,send,10000,5,,789700,3163,2023/5/14 13:29
d673e55160b11f2bba2570f4c31e9c3392a145f40b9d75129110f1a35bb89615,248887,25,orc-20,doge,3388833,send,1000000000,5,,790299,2321,2023/5/18 08:27
d5b173bf18814999f039d10485d56a3ad1334f605992e78d0d0f53c307af6b84,252545,294,orc-20,orc,2504160,send,,6,,790411,126,2023/5/19 06:11
d5af8d81ed4d5dd39f4e685a096f99393cdf202b65556910f66113f4c7e574a3,252219,271,orc-20,orcd,5997908,send,,6,,790391,788,2023/5/19 02:40
d58f78b6e029018837bfe42d0e3ed02a938bfe8c9db3d6a80da332143b8aacbc,233346,105,orc-20,orcd,5997908,send,,6,,789985,3612,2023/5/16 09:42
d565e1a4bf583a3a545c7f9ac738040e232b8cbf85f83ac5d3b7ef9c3d7f25b9,235250,131,orc-20,orcd,5997908,send,14000,5,,790044,2918,2023/5/16 18:34
d505fa005c84fc209e6ab8ea06b94f830ace1958b195242e30de4cf61d2216ce,244615,189,orc-20,orcd,5997908,send,2000,5,,790181,2939,2023/5/17 14:58
d4ae2b82d6d9340186f19a9d5dcce814ceba6dd7fb542279cdd6bbbc0839f4f7,244487,179,orc-20,orcd,5997908,send,,6,,790172,2705,2023/5/17 13:54
d4535557bd46332d0d3199a78ae64ad74fb60bd2ae75464b8dab9e5735596625,137091,91,orc-20,orc,1,send,,6,,789686,2455,2023/5/14 12:08
d41c101d74658447dc9fb3f65872a51106b2f05d8142315b9bcda68958e2a97c,90684,40,orc-20,orc,3387281,send,10000,5,,789554,2514,2023/5/13 16:11
d3f05c155bccf84b2f859eb1f06d070ee7419dfcd9bb3870b860a38ee9e9a59b,248692,12,orc-20,doge,3388833,send,1000000000,5,,790297,3530,2023/5/18 08:17
d3c64c64a5b641fc877246cdee2d72b2bf4defb1101049d35499a42b6ea214e4,251783,257,orc-20,orcd,5997908,send,70000,5,,790367,3379,2023/5/18 21:52
d30b0c0b9d2af0c61d686987e999cb77cdb3b539e6586aa4ac353093399c7fa9,98279,48,orc-20,orc,1,send,,6,,789569,3127,2023/5/13 18:17
d2538e0883b449f0a104de538d038a165ba77808c776930450762995b4088cbd,232986,103,orc-20,orcd,5997908,send,,6,,789976,2615,2023/5/16 08:23
d237e0b68eb4b7af0127e07fb3fdfc9f25a84ef072988b0f3e986b9ae8d409e6,114793,75,orc-20,orc,1,send,10000,5,,789633,2626,2023/5/14 04:58
d12272e9b6632def59a05b9bb21275b00300f572f0ae5faadfa4d10da8433181,245720,218,orc-20,orcd,5997908,send,100000,5,,790253,438,2023/5/18 03:16
d04c5f1d07b02c4e912018f08e60c5bf54022886705c520ae0b92d0ef35f6fbd,232914,98,orc-20,orcd,5997908,send,2000,5,,789974,1665,2023/5/16 08:08
cf95a4d2f532ec50dcb3315907ef080ed85a8bfb3c618fbb260c6bf03bd9f146,178157,36,orc-20,orcd,5997908,send,5000,5,,789816,3270,2023/5/15 06:53
cf957a7d752daa9cdfadbee18f4bc83c227ba190052ad07ebaadccb6a50825cc,252541,293,orc-20,orc,2504160,send,10000,5,,790409,973,2023/5/19 06:02
cf8b07a456ef32ee9651e2a509e18f66ceb8f1a7146fe3647141d38384943d7b,120875,85,orc-20,orc,1,send,,6,,789643,3682,2023/5/14 06:36
cf3685109dbb5875b012709c20ef47b4776b9ebfeecca521bc9ee4b4ccb5c02e,60965,28,orc-20,orc,3383415,send,,6,,789510,3973,2023/5/13 08:31
cf087ef553288192c540a7d985a4546a45c911f0cbc4551e4eee59178bf0a473,244721,204,orc-20,orcd,5997908,send,20000,5,,790200,1472,2023/5/17 18:02
cee746332fd674d752831a5f342e47865d1cf072f8c32217e37284ae6d882bc8,227820,201,orc-20,orc,2504160,send,,100,,789903,1450,2023/5/15 19:55
ce77a48877393e95c8096901b7f0c1d39fe152794d0fddde238d6b42a6898465,225760,59,orc-20,orcd,5997908,send,15000,5,,789886,1840,2023/5/15 17:20
cdf1121b94454cd5dbc043880e1f7e913d1ce9bd8fa6d81c98d578a05fdcf9a7,241640,149,orc-20,orcd,5997908,send,5000,5,,790114,609,2023/5/17 05:05
cdb273b733c9aaff8a32f401d4a0d43704a012c4ccc5153d2d5d8358611e4425,95087,46,orc-20,orc,1,send,,6,,789565,2833,2023/5/13 17:49
cd9247c7dd81cac78a981b9eb54d6fc3d61807845b3eba4a67b811e827dae878,244022,161,orc-20,orcd,5997908,send,2000,5,,790145,2351,2023/5/17 10:10
cd27fc77943a4c42507632613efd1b9cea0246cdd0ae713c34719d412d1d4345,225516,57,orc-20,orcd,5997908,send,10000,5,,789882,1615,2023/5/15 16:08
ccfd39ac7077a1f413b85b3854815f0cdbadbab3a289dca712a59de74a9738f0,234444,230,orc-20,orc,2504160,send,,6,,790028,1534,2023/5/16 16:21
cce51b9840039c6ce41c8c668f55e7f62470bab72b744642ab9d7b5d67723d5a,229761,211,orc-20,orc,5997908,send,,6,,789941,712,2023/5/16 02:24
ccaa4637adb7e951046675eb521729878a094c9f4feb987e4567bee91711ea48,232911,96,orc-20,orcd,5997908,send,,6,,789973,2486,2023/5/16 08:00
cc316e234dbbd3a6d4a01c30ddbb7387f9c0e1f3878d93e2cb81f797a7ae1a89,245034,212,orc-20,orcd,5997908,send,120000,5,,790240,765,2023/5/18 00:23
cbf8c0b5e14e5e5a61070fa626d74acc01eae5a807ce15fa266ee056d1df3266,159600,123,orc-20,orc,1,send,10000,5,,789727,1565,2023/5/14 16:35
cbf1d0ffacc78e611ca55051ea50d7c0b5353e3df473a9714e5b895a6b6aed87,164557,126,orc-20,orc,1,send,10000,5,,789739,2889,2023/5/14 18:22
cbd8f5edac48ac0dd4344c0c196632c4d7e41c9ca59da1c72598c60363c65c49,232665,89,orc-20,orcd,5997908,send,,6,,789966,1735,2023/5/16 07:07
cbd55a2108749af5c80cc01edb75fe11e03d2de267e996958c739f070da7852b,252602,11,orc-20,ordinals,3388495,send,10000,5,,790420,2746,2023/5/19 07:57
cb85d46de9febc9619804203455802d1ba33cd3b63e4bc98aa65af839b273403,231883,83,orc-20,orcd,5997908,send,,6,,789949,2338,2023/5/16 04:09
caaaacdd3ae5bfd0d485c1c78db5bda284eb1fc9d0911622da14ac5d53e859b9,252095,261,orc-20,orcd,5997908,send,20000,5,,790384,366,2023/5/19 01:12
ca8a7b22d3c305eef0e03b274be141ddf54097b8900603a6cbb810f90f7fc65e,235366,136,orc-20,orcd,5997908,send,9000,5,,790051,2863,2023/5/16 19:28
c9fd5244917bebc8f6da7e2b75db04679ec7789a5698d49cb4fcdab8e47c283c,242466,244,orc-20,orc,2504160,send,,6,,790118,1057,2023/5/17 05:35
c9f5f890d12d563b76d27f2365968d63255c46f720a3b1916dc9cb46faf2aa90,137703,10,orc-20,orcd,5997908,send,1000,5,,789687,1553,2023/5/14 12:11
c9c1fb8b4f03aaa6c18a5a88e875120cbd3b1e15a6e0c17d5af1c0f738600187,251774,256,orc-20,orcd,5997908,send,100000,5,,790367,2419,2023/5/18 21:52
c95fe9454cc7d824dcf65b9f99a75adc0d703faae68e21ca60063184d4d0dcd1,164060,125,orc-20,orc,1,send,,6,,789738,2055,2023/5/14 18:21
c8f1226a0d47863f590f82330d44827716b0f8236a6643252979c683ba96efe9,177048,34,orc-20,orcd,5997908,send,10000,5,,789812,1479,2023/5/15 06:06
c8bd2555b3e6904e00d7afa3910e6faea74ab039bb287f6f735d9988b39ecafb,173357,135,orc-20,orc,1,send,,6,,789791,1060,2023/5/15 02:31
c85f7c5585133428325706603eb37edd4accfd95ab901c91298a49a7790a6178,207308,154,orc-20,orc,2504160,send,10000,5,,789852,3183,2023/5/15 12:19
c844298e153322af605e5b429b0a9ae6832060bd8e9f13f17d12bc3e409bde16,189893,146,orc-20,orc,2504160,send,,6,,789840,1732,2023/5/15 10:23
c7983ed5c0d286fa851cb2641b90833701d2b82260f6e9cbc4ce12ec69cf01f1,244619,191,orc-20,orcd,5997908,send,,6,,790182,1824,2023/5/17 15:00
c784ceae083cfd35321fe8a368dabc20d1242fe73080f651eb4c6eebf2807a4b,233524,223,orc-20,orc,2504160,send,10000,5,,790002,256,2023/5/16 12:51
c7801d4b9a3248e997eb2bba074cb7f1e4c3964e89cdaec0eb9189dfd8062856,27407,14,orc-20,orc,1,send,2000,5,,788310,2255,2023/5/5 01:44
c6c9a9020585e6539e1007b3440be898046640ae7aa2c9dfec3cb64cd7d11f92,224201,184,orc-20,orc,2504160,send,,6,,789876,1050,2023/5/15 15:27
c5837d26add19ea756b4c41a9ae2850f3bcfc5fe5badca37a73cba3890998703,240383,236,orc-20,orc,2504160,send,50000,5,,790105,908,2023/5/17 04:16
c5152a8889f5bdcbee10f6c4ed171683ba182b3e06fd10f14cd2853d1826156b,61919,30,orc-20,orc,3383324,send,,6,,789512,3099,2023/5/13 09:01
c350c119b6ee0c1ead902db4af03a00f4647b35ffd69dee9be7d9f554f471895,26725,12,orc-20,orc,1,send,2500,5,,788278,1204,2023/5/4 19:04
c34645ca35bb7b8ee6f0615ce7521fc6f9e8f9c5850a0e58844df17229b38760,147782,107,orc-20,orc,1,send,10000,5,,789708,2779,2023/5/14 14:20
c32230336af983e80e7eb190e3fd59b9557a02c049d9705470b9b88a16d67f4e,190084,149,orc-20,orc,2504160,send,,6,,789840,2108,2023/5/15 10:23
c1cf9b81980bdab20d45223f09aee221bf6ed99c5d5373db45b2c2185c7a0365,227885,205,orc-20,orc,1,send,,6,,789905,1920,2023/5/15 20:25
c0f4bc6a3931fdb9893c8a90f8b631d08cccd2b891e2fd94b677a3b0f28f6fa7,137281,9,orc-20,orcd,5997908,send,5000,5,,789686,3128,2023/5/14 12:08
c0f47d0240d93dd258bac61d8a98fa26db74d2d498bef4a326a5f8f2549237ac,151702,117,orc-20,orc,2504160,send,,6,,789714,1554,2023/5/14 15:27
bf7fc8eea14a83b1225988ad6f8276cb26b3c8eee0ff28472e507ee8ec3e6af0,244616,259,orc-20,orc,2504160,send,,6,,790181,3301,2023/5/17 14:58
bf7db5ac0958dfa2d3b1e6f652541a589c51cc3dfe7d299ba95f29855ac60dd5,141311,15,orc-20,orcd,5997908,send,,6,,789693,3929,2023/5/14 12:43
bf24ce3f29845d34782b5eb6e1a06b2a7c735f7499b382f167b63f1838a80718,177641,142,orc-20,orc,1,send,10000,5,,789815,381,2023/5/15 06:41
bef3354d703787846cfb9a9d17f6f2a3a2921ddb389845757339c51189dbb431,223876,51,orc-20,orcd,5997908,send,10000,10,,789873,2607,2023/5/15 14:50
bea17f2013341e280cc68bc75e514c158e77cf5f51dc58295ac900f75fa4520b,231854,80,orc-20,orcd,5997908,send,5000,5,,789949,1120,2023/5/16 04:09
be1b6cbb0f0a0955b78fe38283d881d90cd95e4511b0b6473023d678f7a5592b,244707,265,orc-20,orc,2504160,send,,6,,790196,448,2023/5/17 16:50
bdfcf3dee6f98610e5453edef52ad9e6feaf8795647e37d5c8020622ec0d08ac,179208,143,orc-20,orc,1,send,,6,,789819,868,2023/5/15 07:19
bdb283516350fce25dd19e494efdd0e454d46218fd98d2aaaf55383e0e37cba8,226564,64,orc-20,orcd,5997908,send,,6,,789893,2165,2023/5/15 18:11
bd9d85b9c35a20ca8ff760ba0376e08913ea28a2f36722746059e08bd95c2915,248886,24,orc-20,doge,3388833,send,1000000000,5,,790299,2320,2023/5/18 08:27
bd738ba64ecdd17261ec694b993ab357369580057ed12df92f8b715e7861f4ae,224141,180,orc-20,orc,2504160,send,100000,5,,789875,2392,2023/5/15 15:22
bd55a1dead99a415a5d4ae0773c4c403adf42c047ab9c3a350cbecc91e8fb740,248889,27,orc-20,doge,3388833,send,1000000000,5,,790299,2323,2023/5/18 08:27
bcfc2f98d613fb3674ffedc722a775db6a837c476ce3a5c14d64b5ad00e9a877,233896,113,orc-20,orcd,5997908,send,,6,,790015,2574,2023/5/16 14:39
bc7abb5a0dff924a4675e8d26fb90db2bbec1ef58a615f0a4c45a6b5ea9300cc,244457,176,orc-20,orcd,5997908,send,10000,5,,790170,276,2023/5/17 13:28
bc687b7576d6ab4de2331d78668f3540c858116aa64c343cb07b9a59efc986e7,248696,16,orc-20,doge,3388833,send,1000000000,5,,790297,3534,2023/5/18 08:17
bc11894f10ec19597bcaf0b41947de1898d566abf1c2774a0064642b955a5584,252551,295,orc-20,orc,2504160,send,10000,5,,790413,191,2023/5/19 06:50
bb444265a83eb21d3f12c51f96d666b37577df950544d7b876f0c77d32505311,146616,104,orc-20,orc,1,send,10000,5,,789705,1153,2023/5/14 13:51
bafbcdf787e1be894fd5c3acb34b88378e40ce0604123b0884698ec78e64cadc,216447,169,orc-20,orc,2504160,send,10000,5,,789866,2742,2023/5/15 14:08
baaf61fdf9751b8ac9884446c0d199ed3e6156df5efda783c60f238fb494f968,244634,261,orc-20,orc,2504160,send,10000,5,,790185,622,2023/5/17 15:25
b9d9703f407fe7f5eea65c6b5f07368531322d1a6f91909f86bc3d5c67886bec,192252,43,orc-20,orcd,5997908,send,,6,,789841,2493,2023/5/15 10:25
b9702d2e114d0a257ba043730ce0394f5a8d0c312ffc0676b9c384232af0d9d7,158730,25,orc-20,orcd,5997908,send,30000,5,,789723,1681,2023/5/14 16:05
b9339deee9e81b66da7ced68efad8607f2af678bc28142aa4b6cfe89cd3956ef,233928,119,orc-20,orcd,5997908,send,,6,,790019,3609,2023/5/16 15:06
b8ed436b0909654f27a89f45a6c57ddcb229b685646e6bcb996bbfc61b4ea771,145940,103,orc-20,orc,1,send,,6,,789704,124,2023/5/14 13:46
b8c9f08be2e3f4e23db291999f01c64e4d6913e7a883cc42c34fcf3dd37e9f83,180712,39,orc-20,orcd,5997908,send,,6,,789822,1635,2023/5/15 07:37
b88396418cb566aeacb8dacea4bdba164ea858c4636b9cf3bafdd7558cba3e78,59433,25,orc-20,orc,3474071,send,10000,1,,789507,2950,2023/5/13 07:57
b7f6a80afb42e26476cc0f7e9fd6d3745654a8f8d024b3a51d327663e7c440f2,90661,39,orc-20,orc,3387285,send,10000,5,,789554,2448,2023/5/13 16:11
b78c0833a9e344ebb9e2146687a79d5ae01b8d61734653c3fedacc2be4a7f55b,248689,9,orc-20,doge,3388833,send,1000000000,5,,790297,3527,2023/5/18 08:17
b6e8b96328fe030051cffcc104a8e2e27b50277ebb62ebd174db448cfc0bac3b,112333,66,orc-20,orc,1,send,10000,5,,789630,1920,2023/5/14 04:26
b6ac54e9d4a3138ad1335181a72a522f7d2b83665382918af82e6ddb12fe0ce3,174488,137,orc-20,orc,1,send,10000,5,,789795,606,2023/5/15 03:14
b6a7489f9f2e42bbdaf899ed49813056d11d0f603b00cd42423020fa18cdc3c7,60964,27,orc-20,orc,3383343,send,,6,,789510,3972,2023/5/13 08:31
b5fd88e7bb1fcca3f55601ce3344fcc633c1315c5d16df08dae3e6e2383615c0,212129,164,orc-20,orc,2504160,send,30000,5,,789861,1095,2023/5/15 13:25
b5ad09e043be2ec182c8430408dc244c54680998174d80a0a2571f076a505c7a,244709,201,orc-20,orcd,5997908,send,30000,5,,790196,454,2023/5/17 16:50
b4a41256b49e41e1ea39b42927d20c8e03f4b71e46451a2df5a2f67a7b9630ee,112065,1,orc-20,orcd,5997908,send,10000,5,,789630,1360,2023/5/14 04:26
b4669ae3ca127e4d935dbe72f0e14e1cf7f2ddae00451935108261d673b66397,231434,76,orc-20,orcd,5997908,send,2000,5,,789947,537,2023/5/16 03:49
b425d542243e9b1d8061cb70da3bdb3970a651f3d4c7d67b2d2eb974583f38ba,225904,197,orc-20,orc,2504160,send,,6,,789888,2269,2023/5/15 17:27
b3e3c8b78c220307c9c941fd230f566e9d793dc3ea9fafbf01af5f97e5b9d16d,116736,3,orc-20,orcd,5997908,send,,6,,789636,274,2023/5/14 05:28
b3babff19864b36f93d8647cd8721f4fa9f6e7eb43c890d72883d0a805402266,232546,87,orc-20,orcd,5997908,send,5000,5,,789959,2859,2023/5/16 05:49
b37cda6117c560ae07cad2e0f1030df1915f9d91d809b1f3870932d9cf3d352d,163528,31,orc-20,orcd,5997908,send,5000,5,,789736,1352,2023/5/14 17:47
b3335ebf2e0790ede938bfbf842f51a0c014031cf4e96ecf5036f6d3b4e3caa6,245379,214,orc-20,orcd,5997908,send,100000,5,,790246,1748,2023/5/18 02:43
b3059fc8734ee721054fbd6772010540f3f17eed7795f04392cee6e68c1e9878,6372,1,orc-20,orc,1,send,10000,5,,788133,1976,2023/5/3 20:35
b2b233f1c978d35445f58bdac00246ab00a875dc19d272c5e4eb14cca6dbaf7a,252800,290,orc-20,orcd,5997908,send,,6,,790433,1197,2023/5/19 09:10
b16b6f6223d2298fa592016a1ebc5488e566cb6cafc88a31b2815eb64fd67162,59571,26,orc-20,orc,3383324,send,10000,5,,789507,4030,2023/5/13 07:57
b1683afd12e44cc4869d1e757cc632b6f75446692d1ceba3bbeb9f8d6ab5d971,208424,160,orc-20,orc,2504160,send,,6,,789854,2151,2023/5/15 12:44
b073488658ff4a277a4043b7a0930004c8aa03cff15cc5c04945d95402783828,181498,144,orc-20,orc,1,send,,6,,789826,1476,2023/5/15 07:59
b04faaf5ff7a866f4209ac31381a913cb59d678558f271a5ad78dd3c2410a398,159446,28,orc-20,orcd,5997908,send,30000,6,,789726,1848,2023/5/14 16:14
afbdba629366c2e16be75a00cc1eba6bc68d7dbf17748cf102a49537300fbe3b,244614,188,orc-20,orcd,5997908,send,26000,5,,790181,1787,2023/5/17 14:58
af3a418fac603d2d29a134ae29cdebd6324565f60c5d678754eebbb3d99b9ac0,244633,194,orc-20,orcd,5997908,send,,6,,790184,1537,2023/5/17 15:16
aed54b4213fa5b070609907151016e2d8c7c4b2a933b87d7cb1d76d00f9825d2,244489,256,orc-20,orc,2504160,send,200000,5,,790172,2995,2023/5/17 13:54
acb919c4d4c011774c8cd3d329574a13135248e468a42100841e216391a00c47,155358,119,orc-20,orc,1,send,,6,,789718,1314,2023/5/14 15:51
ab93bb454c79eba97aac5b9157ba1f9e2ac0d996bedf312eb226106eef23c59e,251633,251,orc-20,orcd,5997908,send,,6,,790326,1646,2023/5/18 13:23
ab01992143ba0f32e62b50095802bdccd60aefb871eb9a36d4e0711463df09de,158741,26,orc-20,orcd,5997908,send,30000,5,,789723,1711,2023/5/14 16:05
aa41258b0f1d6237f9f53bd4eac8b0c2270fd9e924932131684f15145a277c75,244717,270,orc-20,orc,2504160,send,,89,,790199,1720,2023/5/17 17:31
aa047e8e1d14be0268ff4f5988b8d28a3b772565e8f4d77a4b201c19b85c5887,248691,11,orc-20,doge,3388833,send,1000000000,5,,790297,3529,2023/5/18 08:17
a8d39fdd15144e324b4c250090d7c7956a15a66159246e971f9d7eb6fb557872,244518,4,orc-20,ordinals,3388495,send,,2,,790177,856,2023/5/17 14:18
a8adf3aee0e01e7b0eeaf55bca28a86ae60698776385652497c8914aac09c7bb,233548,107,orc-20,orcd,5997908,send,1000,5,,790004,1752,2023/5/16 13:19
a8a87a908f9b8e7036cc8e442bd8ca926e0909d4c08270cdd00f62cb0ef36483,252548,278,orc-20,orcd,5997908,send,3000,5,,790411,4165,2023/5/19 06:11
a79641325fa56b2ecf649c4531b37d328a5ba832ee7df86ff88a6d6c0a49f206,244714,268,orc-20,orc,2504160,send,10000,5,,790198,477,2023/5/17 17:24
a74a36a2602173dfd85fde34805cd258ec20756eb7f3593e450e03096937b9b8,244458,255,orc-20,orc,2504160,send,10000,5,,790170,1364,2023/5/17 13:28
a739348e4a0653e483f89d246cce31bd81bc34cfd5b0f4a04e46e38e94faa6c4,175669,138,orc-20,orc,1,send,,6,,789801,1465,2023/5/15 03:55
a6f0e97619ebc91a360c7809493b7878655a6b3978bc01280c11af42077b2b4d,197660,153,orc-20,orc,2504160,send,,6,,789846,932,2023/5/15 11:14
a6776afeb1602ff7a779707ec190d456739be2c8a8ccd6490d178c784ace1a36,147269,105,orc-20,orc,1,send,,6,,789706,1712,2023/5/14 13:57
a5ca37b20bef5f22eb9a871f17e1142324c872bbbe84da3b52699dacdc566adc,244794,6,orc-20,ordinals,3388495,send,,6,,790219,3140,2023/5/17 21:44
a5bfb3f5846074deb1a57c9fbd42fbc6a40f99653941e51377564671d1578be8,108223,62,orc-20,orc,2504160,send,30000,5,,789618,1401,2023/5/14 02:20
a5beaef76baca18e90738870168159ba17340a41236286aa3f8604d57948700b,240942,147,orc-20,orcd,5997908,send,,6,,790110,406,2023/5/17 04:42
a51e71bbc294e051ec948146de0b978754c26fb6a0ef8b15037334f95275b422,105460,50,orc-20,orc,1,send,,6,,789583,2194,2023/5/13 19:51
a4a995bb412d9e276caf833dc2422c2b2057fbbb46c056a5e507a178cb8aa2cd,151082,112,orc-20,orc,1,send,,6,,789713,1642,2023/5/14 15:14
a4956cc0c66012957cb82077a5b2d380f7e5bad1db54fe971a92aa209d24de40,244091,2,orc-20,ordinals,3388495,send,,6,,790148,3818,2023/5/17 10:46
a4875874b52b11f251b7a4343a8dcaf6eef835d2a9e01c9bc4a46ce9c4562836,24032,7,orc-20,orc,1,send,5000,5,,788220,1594,2023/5/4 07:33
a46aca2c8c77d85dd39ee8694b571ed7fe2ce7426194bd52c5126a8f25711e7d,225531,58,orc-20,orcd,5997908,send,,6,,789882,1721,2023/5/15 16:08
a46a96e5364e31ac06cf18bbb3d08482fbe50d4bed67a530337ea030749a8d39,177260,35,orc-20,orcd,5997908,send,,6,,789813,227,2023/5/15 06:09
a436ccf80e72495b1bb46fb1979e375f8d74cba4d8d99ee605dce5fceafb12b7,142288,93,orc-20,orc,1,send,,6,,789698,743,2023/5/14 13:06
a38d5ae58e8254536756c88b65ff15bb7257ce9fddd60393c048acd6c8697d53,244605,185,orc-20,orcd,5997908,send,21000,5,,790180,333,2023/5/17 14:50
a3824afe98cbfbeac5f8dfb3a98d84e2bd2f9b1d34de127d4e850767d2e0ba45,57195,21,orc-20,orc,3383323,send,,6,,789503,1550,2023/5/13 07:30
a37bfc2cd711aaba6fe40634fe3e1382af054d863eed778017928987bf1eed4f,223877,178,orc-20,orc,2504160,send,10000,5,,789873,2648,2023/5/15 14:50
a2230fe87a9c4557f03fefa1d6d8f0bf21bd6a84a94691a344f7ffe518c6a1be,233988,121,orc-20,orcd,5997908,send,,6,,790021,2132,2023/5/16 15:26
a1710980fc31d3aa9627c0bbfa2d4226451bbbb05cef0e09a60b2474ec178996,234665,232,orc-20,orc,2504160,send,,6,,790032,362,2023/5/16 16:27
a0f6175da1dd204a7a327cd3f66f99ce297a6ab501a95ae2eca2e971b6322502,163468,30,orc-20,orcd,5997908,send,,6,,789736,730,2023/5/14 17:47
a0eeaba48b4e59ad4a4a0bc652e056441d8c7956c4e10aa026ce5e50ead5a29c,228873,67,orc-20,orcd,5997908,send,,6,,789933,3767,2023/5/16 01:12
a0a95ca59201cc687c7c3b9d5f0bb223556c31a3f057c1d020c2722335724b30,243331,248,orc-20,orc,2504160,send,,6,,790127,842,2023/5/17 07:17
a0a5ec77ede91a5476f440a182c68eb1a9df0a52f5e91e7d97f7dab51fc55678,243337,156,orc-20,orcd,5997908,send,10000,5,,790128,217,2023/5/17 07:18
9f8998d68f790f5499ba40b8871a0a32f56c28b60dd854ec803786db7f4cdf84,234702,127,orc-20,orcd,5997908,send,,6,,790033,3330,2023/5/16 16:41
9f6e7b48b4c1442014c9148cac5dc1dd65bc635d8f04b2701023f094e99462cc,105760,54,orc-20,orc,1,send,,6,,789586,239,2023/5/13 20:41
9f31c3d7715f38a33baeb5a9b1f8aa87c1e8479761eabf6c504634ed62599ba0,245546,8,orc-20,ordinals,3388495,send,,6,,790250,802,2023/5/18 02:56
9def47fe5fbb9ad8fa5cf1846ac735593820730ec2b17d4669c9fde616e5ab59,244790,208,orc-20,orcd,5997908,send,60000,5,,790218,4131,2023/5/17 21:38
9dd701d89ca2c872beb168f4cd31fb22d7672d7a07ce9869e6c441203f3911ab,232761,92,orc-20,orcd,5997908,send,,6,,789969,1211,2023/5/16 07:13
9dc0dbd99f80649cadfc0d29691aad01371ed02e3e28731932bb18b503a83ad4,57065,20,orc-20,orc,3383323,send,10000,5,,789502,2813,2023/5/13 07:17
9db92bedf115bacc1d06cc50a728983a634907c93a21d762f8c53b564ba8ae0e,207796,156,orc-20,orc,1,send,10000,5,,789853,2005,2023/5/15 12:35
9d6d6c03f8551afb57db7618e1336f13c39400f12c2ca1272503d70eb53788f3,245889,220,orc-20,orcd,5997908,send,,6,,790255,1325,2023/5/18 03:32
9d4e93b8960b1c8b258607869918591bb2809879ec1448018dcbd72d3cc2e7fe,28351,18,orc-20,orc,1,send,,6,,788430,1818,2023/5/6 01:07
9c8074bc8655e7cf7cb156787d920ef4553d523d9b930d5a4ba33cd93730fec6,252821,294,orc-20,orcd,5997908,send,,6,,790438,3805,2023/5/19 09:46
9b40365b42ad886720b077e6e1b629687d1d938cf318e8813302d7754130421c,86502,35,orc-20,orc,3387287,send,,6,,789549,2099,2023/5/13 15:16
9b331a536fcbfa08dcf104f1add575c168428ea21778067b0f7ac5b8d1b98e99,242802,245,orc-20,orc,2504160,send,10000,5,,790120,1610,2023/5/17 06:02
9afdffcf6f682e966c849f816e92c5d3da29924134c3fa05b1ca92c6ab659093,251758,255,orc-20,orcd,5997908,send,,6,,790366,1506,2023/5/18 21:52
9aea07472bd3356412a90913ea0f73024cc0d97a23e1d4244220dfd49a1b9bd2,233075,104,orc-20,orcd,5997908,send,5000,5,,789978,3364,2023/5/16 08:52
9a517b1bd604a6c57e057ac058a20bb22b9c2c9aa369b2859f10bde671c28a5f,245831,274,orc-20,orc,2504160,send,10000,5,,790254,1232,2023/5/18 03:31
9a15f5575a0017e7fa7fed93f3e7b20a4499a472c954c61c377c21185cf6fb6f,193471,44,orc-20,orcd,5997908,send,5000,5,,789843,1750,2023/5/15 11:02
99f950621728e00689dec40f2d68c0e89c91deda24bacaaab0fc779a2244ae81,233772,111,orc-20,orcd,5997908,send,5000,5,,790011,1181,2023/5/16 14:20
99ebb66ec4cabf5dcc24673493c9590aca90d22dab042497afb0570948f9ebcd,252600,282,orc-20,orcd,5997908,send,,6,,790420,1501,2023/5/19 07:57
98c10c3e6eb7c24cf758744ed53b13fa8af94293d33deac534f1962dd64725cb,93459,43,orc-20,orc,1,send,,6,,789560,3327,2023/5/13 17:08
98baf6feeee1f413793b43dca3b8204c4f1ba1ae60df084ad9d72ff6cc381f24,243392,157,orc-20,orcd,5997908,send,,6,,790131,678,2023/5/17 07:28
984ceea844e43d21f5a71c93ba83cbd6a864cd84048b0f4f72be0e7f4bcdc7d7,248113,229,orc-20,orcd,5997908,send,,6,,790282,1169,2023/5/18 06:19
975f539fdd84542bc2e4321fe118922a07043736cba6270e8acd099b7758035d,244495,181,orc-20,orcd,5997908,send,,6,,790173,3029,2023/5/17 14:01
96b96d0a5bd7e8446216eb3cd7300ce586bf1e88966949be46a3076252e4d976,232787,219,orc-20,orc,2504160,send,,6,,789971,1726,2023/5/16 07:28
96a18640182f021bcb06018fcb0e5f61b190843925ba5bce8ef50b725aac06f4,224728,54,orc-20,orcd,5997908,send,,6,,789877,1974,2023/5/15 15:31
95d286fb5b31bfe62f3c3c134c9871c275e5ad9e5daf9e7952852e1d63070425,28327,16,orc-20,orc,1,send,10000,5,,788379,1582,2023/5/5 15:19
9573f8b7881ce5c01a0bcea4b7494069da416e6a362ea7e794c2766bdd545874,252558,296,orc-20,orc,2504160,send,,6,,790416,253,2023/5/19 07:14
93542ca62290155b232c42648eabfbf98024d556d0a0600288d8a5241105464f,208474,162,orc-20,orc,1,send,,6,,789854,2566,2023/5/15 12:44
9211b81a065f811831230e2359de47ec64acf790b94c4462455fe647bac6eef7,166470,130,orc-20,orc,1,send,,6,,789745,2971,2023/5/14 19:16
919ce3582fdac4cee1f45c64e6d4156062ab1086c753ea6c27e326d4170c0488,244324,174,orc-20,orcd,5997908,send,20000,5,,790167,1780,2023/5/17 13:07
916cf624a7d90e8203e8a083768bddc5a8739e4fc783862fff091dcc88d7ced9,119624,4,orc-20,orcd,5997908,send,5000,5,,789641,2576,2023/5/14 06:31
91238794690280eb2d4ad6b7a09948d9284d473c47b8a0df40cf1240a22c9888,229760,210,orc-20,orc,5997908,send,,6,,789941,597,2023/5/16 02:24
90a8f2114ce82c8faa445fd149194601ac6ad5b22c249b5c68f28171362cebee,244667,5,orc-20,ordinals,3388495,send,9000,5,,790190,3372,2023/5/17 15:46
90682b6ac708302f49474e689d514676942f8bae597a16a5e8a67e84c60aa83e,109838,64,orc-20,orc,2504160,send,10000,5,,789626,679,2023/5/14 03:58
905acfc0fc26c117310407cb8d8cff45ef2a6283318f8310cedbd37e49ec0803,142557,100,orc-20,orc,1,send,,6,,789699,369,2023/5/14 13:09
8ff0fa87c405be394269f47efceb3549dc23e50c572683a99fa1270df7813cb8,233993,122,orc-20,orcd,5997908,send,,6,,790021,2296,2023/5/16 15:26
8fdae661ac782c4a69bff6441bec417f8bbe5cb627898181f7f1ec7949c3fbf1,247724,226,orc-20,orcd,5997908,send,30000,5,,790279,1450,2023/5/18 06:06
8f8c08b187a651923a2829011a658bf436b7da41eff07b9b9eec127b52a7b058,195046,152,orc-20,orc,2504160,send,10000,5,,789844,2307,2023/5/15 11:05
8eea88dd33c569ad489de403cacd65260c1ec9d133ad59a4e861662d42b3672a,113994,74,orc-20,orc,1,send,,6,,789633,942,2023/5/14 04:58
8eac6c580112b9a3040ab31c37ce3fa6dffc4637ce51ee998b0865bbf7442d49,112334,67,orc-20,orc,1,send,,6,,789630,1933,2023/5/14 04:26
8e4e9dc651ca14e9775355000f12b1b170b806f194daf508df840cc66614c8aa,251595,249,orc-20,orcd,5997908,send,,6,,790322,2827,2023/5/18 12:58
8de7935184a4504679da05c7fd0ce5596d0217d44b5334ca08bb1b8b2de912ae,112350,68,orc-20,orc,1,send,,6,,789630,2012,2023/5/14 04:26
8d634d2465e8c12e73aeaaa0797823440b071ce95ec40c01e8819e165029bf00,244288,254,orc-20,orc,2504160,send,10000,5,,790165,2000,2023/5/17 12:46
8c6f1d13c5e9fbc4603808a9c9bb157dc115a92b8d60ef44843d0c3602155a2b,252213,268,orc-20,orcd,5997908,send,100000,5,,790389,2254,2023/5/19 02:34
8aa2ada1aceaee3b4e621a2be6e138ee7c43e45e3c9c344cb103332d7e40b610,232126,85,orc-20,orcd,5997908,send,,6,,789952,831,2023/5/16 04:21
8a43f30f89f4c9f540fae0c2b462eddad6ceafd99902112b16e5fc2acb00618e,248114,230,orc-20,orcd,5997908,send,,6,,790282,1473,2023/5/18 06:19
8962cef73ac3c6d2c354ed59083b5ef9aff9128c722c05624df3d175feb3a77f,224573,188,orc-20,orc,2504160,send,,6,,789877,821,2023/5/15 15:31
895dbcc554e6773a855bcf962a68524c0f05d75b4c47c060dc37c976b02e1dbc,224171,183,orc-20,orc,2504160,send,,6,,789875,3313,2023/5/15 15:22
88b80149122b68db3ccdfa91c771e165c845ce9fe961ef1c430dd116db9e2dcc,94481,45,orc-20,orc,1,send,10000,5,,789564,2561,2023/5/13 17:45
88aee63a55a6587ef8e5e1b7f6ee4943df96f519082044179d096174a616e479,105482,51,orc-20,orc,1,send,,6,,789583,2243,2023/5/13 19:51
87e76a43262839f0756bf6c79a9064bd02c73a355ec1f596aa16d96c4d663e5c,60966,29,orc-20,orc,3383342,send,,6,,789510,3974,2023/5/13 08:31
87e303852a05ffae55168563c4a4049fb506e731f06fcfb532feedf538778d8e,251868,260,orc-20,orcd,5997908,send,50000,5,,790377,893,2023/5/18 23:26
87a33dc897333811054de26194f2e13e422b8218495be6b60dce13a616869843,109839,65,orc-20,orc,2504160,send,30000,5,,789626,680,2023/5/14 03:58
86a11cf238fb229c6266e37770a84b8e274f6875936702608045ea0522606dd0,233800,226,orc-20,orc,2504160,send,,6,,790012,550,2023/5/16 14:28
86484cd756675e66aac960104184f2dd6086046c2d27fc38d05b2b50fdfec44b,142554,97,orc-20,orc,1,send,,6,,789699,292,2023/5/14 13:09
855d0e65d5436f0fbf5a4c549b780a27c141019c30f4c813b4dac05dae46022d,232572,88,orc-20,orcd,5997908,send,5000,5,,789961,3881,2023/5/16 06:12
854e78e1d33e284e73d84cecda5ef0709550023f5231c4b4588d59665a3071be,248894,32,orc-20,doge,3388833,send,1000000000,5,,790299,2328,2023/5/18 08:27
85154fea31daf181774a39cc50cb293b50dbf64a58a959a0473c85ef785c65af,244509,258,orc-20,orc,2504160,send,,6,,790176,486,2023/5/17 14:18
84b0960bbe4e6643ff85baeeb548d65fb965e4b7d281fcc8099e07646c070a4b,242309,240,orc-20,orc,2504160,send,500000,5,,790117,432,2023/5/17 05:21
8449990a622e5d5892dc8879ab631b8b046689344804d2645a5a2de0484e57ce,243330,154,orc-20,orcd,5997908,send,10000,5,,790127,669,2023/5/17 07:17
843738c0fee6d2fc461ce8543a7fc3f636e14df5d540debfff4fd130eed15f58,223875,177,orc-20,orc,2504160,send,50000,5,,789873,2589,2023/5/15 14:50
840785ea6727cd144e489a116ac7512d1bffa70bd41b44066465b021b5f6bd5c,105923,56,orc-20,orc,1,send,,6,,789587,4306,2023/5/13 20:41
8357c4e8b0fefb6d9fcb952050a64e7897c5f9ed5a49d3cc44db76a982021017,24030,5,orc-20,orc,1,send,5000,5,,788220,1592,2023/5/4 07:33
8298d2945cec5f5d90f529685c1f4e7de48fd8c864709ab95c52c8091e4cdedb,232711,218,orc-20,orc,2504160,send,60000,5,,789968,1319,2023/5/16 07:11
82624d9710c14529b952533b9cd93f1dc874f597e7f4ebf5855ba9a86923c66d,225902,195,orc-20,orc,2504160,send,,6,,789888,2267,2023/5/15 17:27
825a66cb6b539a0897f2bac6d27a4975b58f16ddcd31a8af96d5f79ce0401293,252116,263,orc-20,orcd,5997908,send,5000,5,,790385,2567,2023/5/19 01:41
820374a7facd2bd42b6f5014b220e00cc59a0952b5ad5e5458278052b731710e,225719,191,orc-20,orc,1,send,40000,5,,789884,3778,2023/5/15 17:00
81d88fc539d1bcf604b752cfdc638a8da1c39c687cb955b6c7b4c8b73251b811,228865,66,orc-20,orcd,5997908,send,,6,,789933,3161,2023/5/16 01:12
81d03b459e7d3fe740908ba447960b1f79a8178327f0edba293a60d408967d24,244642,263,orc-20,orc,2504160,send,,6,,790187,1610,2023/5/17 15:32
8143e131f69ec02b66849f78d53a3fb843730a44972dc767ccbbda222875ba00,244617,190,orc-20,orcd,5997908,send,7000,5,,790182,1716,2023/5/17 15:00
80cb85b0e71f73341fd0769d16b707799384da2f2cd907019783b7b41281e088,252523,274,orc-20,orcd,5997908,send,,6,,790404,1641,2023/5/19 04:37
800a06bda1c62928a078ac5e9aa8a78473716d5968c91479152c2d974abfde7a,235247,1,orc-20,key,6822997,send,10000000,5,,790040,3441,2023/5/16 17:51
7fadb09694622f7f869f0fb32613b2e9e52bfc4b22a1ce2f790c3463507e95de,151701,116,orc-20,orc,2504160,send,,6,,789714,1553,2023/5/14 15:27
7f8a8de4ff836f9abecd0113e9d0ea2a83cf39c5cc3dadb901accd80adba1cc7,252803,8,orc-20,key,7356126,send,,11,,790433,2854,2023/5/19 09:10
7ea643473c6ed5a552630c946586336d0b900e4e0e874eb9c0a1abdfa1d83e68,165450,128,orc-20,orc,1,send,10000,5,,789742,662,2023/5/14 18:48
7e44142fbb8664f6c5182e859cde073696efdb2339fff3132d6d136829ca0121,143663,102,orc-20,orc,1,send,,6,,789701,1954,2023/5/14 13:35
7de8645ebd8070ce3b92c4ef6d423380db4e629a349b2bb92b0adde0459efd21,252799,289,orc-20,orcd,5997908,send,50000,5,,790433,780,2023/5/19 09:10
7cc6449e75f8795228dd5a08b6dc0500cb4fd6bd0ca0c09fb2ef5fb7ab16e31c,131724,89,orc-20,orc,1,send,,6,,789677,437,2023/5/14 11:10
7cc1d9fbd7a9d4350698f890a0e689f79d9ce34794018c7915e34295a5d123e1,252120,265,orc-20,orcd,5997908,send,,6,,790386,1401,2023/5/19 01:55
7c7075986352ebc26af3df0dd947bc3964c497c61ba4f58700544ec8e821f750,244503,183,orc-20,orcd,5997908,send,5000,5,,790174,1244,2023/5/17 14:08
7bde9a4fc56bce41dcfa6882a8557eb150fee6f97ebfad25f69efdfd3def8f82,165449,127,orc-20,orc,1,send,10000,5,,789742,654,2023/5/14 18:48
7b9bdfdd26428522aeed38b114928d999aa7d9e9c5f1d3f92ed3785c7e691360,232127,216,orc-20,orc,1,send,20000,5,,789952,903,2023/5/16 04:21
7b7be617f4da4c19cb45836e93ff06e12098d020f06f10ee61d525e345cc7ee5,145641,17,orc-20,orcd,5997908,send,,6,,789703,3336,2023/5/14 13:45
7b6dde12a801347ed61b8fa2fbc72c81f0603be01a51acbf6f4a37460da83a04,223358,50,orc-20,orcd,5997908,send,9000,5,,789871,1832,2023/5/15 14:25
7b0fea57607de957e487abcf561400faec729cebfd8daab741ba3e2df0108154,244711,203,orc-20,orcd,5997908,send,,6,,790197,941,2023/5/17 17:13
7b0c5a5ba0612f066ddee0c8742c938a92a1de0e22b730a24f23af1e8fbb33e5,234211,229,orc-20,orc,2504160,send,,6,,790026,1087,2023/5/16 16:09
7a92284456758774933f3c9b5323c3f4c0871e482cf060719579e879fe6f87ab,252822,295,orc-20,orcd,5997908,send,88000,5,,790439,652,2023/5/19 10:01
7a58890bab68d7005ef0e76f5b6a689014ecc329c5895208ef220aa5ae15c93a,252540,277,orc-20,orcd,5997908,send,5000,5,,790408,1446,2023/5/19 05:41
79d2491a5a22e1b443524cdcac85f13c5ef51c91ea5d4efd810872a8226a4ea9,88876,38,orc-20,orc,2504160,send,,6,,789550,3310,2023/5/13 15:21
79aeca1fc0b6b6e41d23870915778f3c03704789f8ec0fc466a3930215c97d5a,147302,106,orc-20,orc,1,send,,6,,789706,1862,2023/5/14 13:57
790d17249940eaacbc3f489b8545b893132efabb064d3aea1082fe6ec3777425,248888,26,orc-20,doge,3388833,send,1000000000,5,,790299,2322,2023/5/18 08:27
7839afb7ba56ae5102f93478d1d4b6b81d0ab170ea16fc65c29e0a31be21004b,238590,144,orc-20,orcd,5997908,send,2000,5,,790097,2446,2023/5/17 03:24
77ff4651aa35ed9a0d50f0e3494eab2b51223f6d9538e5386e7dca072ff9c291,229605,72,orc-20,orcd,5997908,send,,6,,789940,2281,2023/5/16 02:17
77eba4b5840be8e421f7f4f2ee8bede6f34c68fea4f93ddd416ebfae08e94238,105862,55,orc-20,orc,1,send,,6,,789587,2313,2023/5/13 20:41
77754f9ebfda50de15ca46fe9fdf5a243e84bfb4a3a1888040889cbd3ace917a,227882,203,orc-20,orc,2504160,send,180000,88,,789903,2194,2023/5/15 19:55
771971feed0fe6c0f3e4f75070ad83a4c909d5086d1ded1f945a8ba383dfc99d,248693,13,orc-20,doge,3388833,send,1000000000,5,,790297,3531,2023/5/18 08:17
7702b93b80480972d2fa24883ecef9a042e0cd057271aac70a61747ff86d35a3,195477,45,orc-20,orcd,5997908,send,,6,,789844,3534,2023/5/15 11:05
768021c106525a293596b65be6780e17d0b1953059ab74a68c622675b6fe146d,248690,10,orc-20,doge,3388833,send,1000000000,5,,790297,3528,2023/5/18 08:17
7668eeb4bb4e872a4a6ac141c2b4b9e71d60ffb181bc6d1ea7e641d05fe327b2,112351,69,orc-20,orc,1,send,,6,,789630,2016,2023/5/14 04:26
760072909cc94c76b3f758c6812937ab3a7f3bc2686f05a2d92035f3100f2426,225903,196,orc-20,orc,2504160,send,,6,,789888,2268,2023/5/15 17:27
7514f28c87608cf52841d76f1e4eca7af762b4420dda14af1d2d26ec159b9779,232859,220,orc-20,orc,2504160,send,10000,5,,789972,946,2023/5/16 07:37
74ea2c8a4d0358650599c92e88b011d1448e82c08d7c042774a1063d185c61bf,243332,155,orc-20,orcd,5997908,send,7000,5,,790127,1198,2023/5/17 07:17
74ca70279a4806c4331e1e4c2223548e1f0116b0b3936a3938c273cb87344038,223866,174,orc-20,orc,2504160,send,10000,5,,789873,2456,2023/5/15 14:50
7399a896b0975c5d7e7fd4acff448ebd20483d55c2b489e767ec34518c7e34fe,118775,80,orc-20,orc,1,send,,6,,789640,1774,2023/5/14 06:23
737aff5ab73c3885ba18dbc51b8b142fd1e53aa15eb421360c30e79ca088cdd2,232915,99,orc-20,orcd,5997908,send,,6,,789974,2255,2023/5/16 08:08
7350f902c1c6012836496ba2a725fe90f000a5b743f957027d2f70b2b3eec809,225940,63,orc-20,orcd,5997908,send,5000,5,,789890,1072,2023/5/15 17:47
72f2ccd17e836a378d4c512a825988bb6bb3cd2b2076b5b69c40435ced834511,243193,247,orc-20,orc,2504160,send,50000,5,,790125,1256,2023/5/17 06:56
72639cb4f658600c1f255f62876c79b4d35656f1c3551a78690ac261707f9de0,248229,280,orc-20,orc,2504160,send,,6,,790285,2434,2023/5/18 06:57
71db4dc8d8dd450b926ad4c9241d3c4e9a7f67ac8d44e83c00607af428e491af,120907,86,orc-20,orc,1,send,,6,,789643,4192,2023/5/14 06:36
71a6844c15ab254f17000927f7b336a80368af9387414be49f86fd88cb7b9d03,247434,223,orc-20,orcd,5997908,send,,6,,790271,1843,2023/5/18 04:59
70fe6b1c8076801c49ad59de84fcd1cd7973a7bb8fd060999bdf7c7ddeb72ad8,252154,266,orc-20,orcd,5997908,send,,6,,790387,2598,2023/5/19 01:56
70768aa02143cca9f159f4729a1cebae698697f2580fa619cee13aebe54dccda,252624,285,orc-20,orcd,5997908,send,2000,5,,790424,2646,2023/5/19 08:17
6ff2c47f13f9cd5d3f101b3f7b23541606afcc94e3a23beb67b46a2758b900a1,248233,232,orc-20,orcd,5997908,send,,6,,790287,488,2023/5/18 07:16
6fed838e55d89b758a2309f2ee999df557c3ec40205d824d04e0065047a35a97,157378,120,orc-20,orc,1,send,,6,,789720,2081,2023/5/14 15:54
6fd8efbd7c736fcbb22a9ca938a9abe58b5f1834cc50e73e414a9270339fb3c7,232922,222,orc-20,orc,1,send,,6,,789975,1076,2023/5/16 08:18
6eaed90961affe7d4a9e55cef4bbc8c091e60112234a02b15004415afec159fc,207357,155,orc-20,orc,2504160,send,10000,5,,789852,3287,2023/5/15 12:19
6de140dbf899b19c8126f8e4956dfb9e8111016c85533e7676dbf73e6f2e5261,57820,22,orc-20,orc,3383415,send,10000,5,,789503,4128,2023/5/13 07:30
6dd0a6825a81c084c4e6dfa081fd6a53c64e7cbf5964fe1132e353269a54a40d,244237,251,orc-20,orc,2504160,send,,6,,790155,300,2023/5/17 11:34
6d59ed6ba4edff3d8e094e358f064c52932ae9d035d039697a1a8e47ccd6ee65,147678,19,orc-20,orcd,5997908,send,,6,,789708,1910,2023/5/14 14:20
6c7aa773dfdf36d8a3bda6429069730bb2be169f581feaa33b0d3a3ee4a044c4,252423,291,orc-20,orc,2504160,send,40000,7,,790395,1948,2023/5/19 03:10
6c4b15f44a803c19205a5b7e4691cf7177d0709477aac47b3111a224a54c1401,233799,112,orc-20,orcd,5997908,send,,6,,790011,3029,2023/5/16 14:20
6bdad3042c77e94cfad62a84f9631c5d550bf9e63bf1ffa5a66442b9d9cf5783,181555,41,orc-20,orcd,5997908,send,7000,5,,789827,2015,2023/5/15 08:04
6b3bd8ce2144f663549079c5085c1a8da448c681b58a8509fd64b446f48e9759,252818,293,orc-20,orcd,5997908,send,3000,5,,790438,2497,2023/5/19 09:46
6b0b74539c1762ec422c319bda8de4854d5f9656c97e2f366237033b598a790b,162058,29,orc-20,orcd,5997908,send,2000,5,,789731,1674,2023/5/14 17:00
6a550987d29a6088ad64ed8e095dd1c485e16939f230eb02c91a0f3265a8d7f3,193086,151,orc-20,orc,1,send,,6,,789843,834,2023/5/15 11:02
6a2badff9a6e00f1256611a660bda4fbc4f43bfba88278e1fc2b8ebd29c4036f,250612,238,orc-20,orcd,5997908,send,,6,,790307,1334,2023/5/18 09:05
699d0983cf7548730689e2f99491b8eeb82e8c6bfae79079356d7f650019b4ff,220374,171,orc-20,orc,2504160,send,,6,,789869,743,2023/5/15 14:19
69340655cb4354619995de1ea436b8796a4a7356bd8ca22d6140bd275c05baab,224571,186,orc-20,orc,2504160,send,,6,,789877,819,2023/5/15 15:31
68f947e4a5cdc4601fc3e85831beb8513466de875c28ee67abbc2a3eb32feca8,146398,18,orc-20,orcd,5997908,send,,6,,789705,456,2023/5/14 13:51
68bc2cd67a1d14daea1627669c98339b57a84995c05ddc9b4144d515b7a73091,166517,132,orc-20,orc,1,send,,6,,789746,3480,2023/5/14 19:20
6892d5c4bb9bcdfeb59b5761244a1e5fe6d30edb271c2b9a45acf7754d1cd62f,28291,15,orc-20,orc,1,send,,6,,788358,1192,2023/5/5 10:28
688e695bde0493f8b04ad712b110e84357a139f2f5b7aacb15575d0ce6b48ceb,149444,109,orc-20,orc,1,send,,6,,789710,3344,2023/5/14 14:36
6869292ca454ae8213c14e05eebb771936074bc5de8cf38ba469ad2e37e430c3,241447,148,orc-20,orcd,5997908,send,,6,,790111,2330,2023/5/17 04:58
685f142c789e16c4035258d9c51f90b7fd2c4487bfb9ed99041fab61d441bc37,248686,6,orc-20,doge,3388833,send,1000000000,5,,790297,3524,2023/5/18 08:17
680c2482112272b6020c8749aedb33798ffa0badf326e0657aaf23b1e7b6f3f6,244638,196,orc-20,orcd,5997908,send,,6,,790186,2541,2023/5/17 15:32
67e40a4d68b96748e47b789c7c0c7e2e27eb3f8de03cf05bacfd59321527600a,243246,153,orc-20,orcd,5997908,send,10000,5,,790126,1939,2023/5/17 07:08
673fc8458c589e00537f3de708cdd4f7c7b7e6a88aee0a79cf182ee7069c02ea,251545,245,orc-20,orcd,5997908,send,20000,5,,790318,948,2023/5/18 11:56
6724cab7f66f53a89c1a005b67bfff8ca1d45cfda33435382073738ce3a9d143,248959,236,orc-20,orcd,5997908,send,6000,5,,790299,3772,2023/5/18 08:27
66e4425fd08e4e7e9faa0c0bca89794b771a64877adbc2deca38fb9cf40ebfb5,141153,92,orc-20,orc,2504160,send,10000,5,,789693,2081,2023/5/14 12:43
664dffd05050b816844f0b9caea60b9e260d1c9b2cff73c98d8a6c4e7eab9fcc,151615,115,orc-20,orc,1,send,,6,,789714,1233,2023/5/14 15:27
661aafe0188a9e1a3b43d8dd5ca4cf08b5263282b921bc3ef988034d5424f1e0,228874,68,orc-20,orcd,5997908,send,,6,,789933,3848,2023/5/16 01:12
660d4b18baa31ce3f2bc715c3b70fe7cda068b62e2b4d45491f345fbc0be43a0,252118,264,orc-20,orcd,5997908,send,,6,,790386,1011,2023/5/19 01:55
65da86f3ff48a3c913adec4d3d3472e0eda99cff7baeb008b3c4b30db52454dd,25010,10,orc-20,orc,1,send,10000,5,,788223,2022,2023/5/4 07:50
65aaa9aa9d86c8e4bdb91e28425e00b2106cf95aa97d500a76436f9a641025d5,175668,33,orc-20,orcd,5997908,send,5000,5,,789801,1251,2023/5/15 03:55
655a4766c32dc27833e213117290350766be2c83c9a04d703fdc93b28fe79cea,252804,9,orc-20,key,7356126,send,,7,,790433,2855,2023/5/19 09:10
640d39ea7cd121ea560bccfe82bf53dfd12fb21ddab92f1dbfe7882da1e2df87,231442,212,orc-20,orc,2504160,send,10000,5,,789947,1398,2023/5/16 03:49
632ee9affc33f370e0629776ec75e0ae12aaa4e6ca572a48b90d00de9b853e5a,231882,82,orc-20,orcd,5997908,send,5000,5,,789949,2316,2023/5/16 04:09
632ae2a36ef2b47d995fa4eed3df7bec61ebc0e57979d5735df9bca926847108,174365,136,orc-20,orc,1,send,10000,5,,789794,810,2023/5/15 03:02
62142fbfabb5081bd8e750ca22f8924bad83999ec8620a0310bc2576c0e23412,232252,217,orc-20,orc,2504160,send,30000,5,,789953,2632,2023/5/16 04:34
6182e8e400d69a38e2de9d26be30750850e4cc387045ee851b77e0b2aa0f1f4d,189963,147,orc-20,orc,2504160,send,,6,,789840,1829,2023/5/15 10:23
616c1ff1c5f9946977924bd3f2d2af595df4111ca278e9ae8873b3e06ac1aa1a,229584,71,orc-20,orcd,5997908,send,,6,,789940,2059,2023/5/16 02:17
613e8f2fee7f576cd4e4ef2a504389d7e71e4a37358911a0c500c200eeb30b34,224560,185,orc-20,orc,2504160,send,,6,,789877,516,2023/5/15 15:31
601852ab800c6365ab3d798591119dc08e1e44d944e3d4d949b8294659cc6cdb,244729,206,orc-20,orcd,5997908,send,,6,,790202,1316,2023/5/17 18:30
5f85195f70abe43dd18cee5a482d4474e210c26bbac1e5514bf729dfaeb81537,208235,157,orc-20,orc,1,send,,6,,789853,3770,2023/5/15 12:35
5f4aa23fd421cda4ef8b0d86cd5f2abbc105da85f29e04e198dab67297c706c7,105925,58,orc-20,orc,1,send,,6,,789587,4337,2023/5/13 20:41
5f3f4d671d3fdda151a517fc3d8171dcefdab35965febd8a42fe93627b93f8eb,251538,242,orc-20,orcd,5997908,send,2000,5,,790315,2017,2023/5/18 10:46
5f1dd3418b1bdf6d2aaeb66fc03906eb42ca11163fc7f3f3d3dee129cef8464d,251681,253,orc-20,orcd,5997908,send,20000,5,,790328,3021,2023/5/18 13:33
5eeddae73f8dad08208b87e617decf5e5d9e515558b29eb15dbd6ba86af67f28,24031,6,orc-20,orc,1,send,5000,5,,788220,1593,2023/5/4 07:33
5ed0ea61f1f374b2679a81f31b19e7ef33fa63ad122593752fa704bc549da4e6,248609,9,orc-20,ordinals,3388495,send,3000,5,,790294,413,2023/5/18 07:40
5eb5ecfcbf6d084829d638e7c32959f62d32e60e7065cc49dc082eac56ce59e0,80898,33,orc-20,orc,3387287,send,1000,5,,789544,228,2023/5/13 14:50
5e9a5fb4ed69ad9f93bf4f67927d7fe1a3594779a388b7d41be64f8b703ae9a3,236414,138,orc-20,orcd,5597908,send,5000,5,,790088,291,2023/5/17 02:13
5e06952e75a8f5631fb2b1c7c14d2c5dac9bee41c01221ffbd47ff91f84a5d2c,244504,257,orc-20,orc,2504160,send,50000,5,,790175,656,2023/5/17 14:14
5e01059726e2fe394f81d8e6d58916753bfb8c6c1a9a64259e6377d6040140d9,248896,34,orc-20,doge,3388833,send,1000000000,5,,790299,2330,2023/5/18 08:27
5df75365acb1dad5d0d3c471c6ccaf0692f42fa5af4737d9b150ed1ece92426f,244632,193,orc-20,orcd,5997908,send,,6,,790184,1508,2023/5/17 15:16
5d314780b6cb76a01739bbd9640f48c6e49354c6bb5175a2ba6b785855f2e6ac,231884,84,orc-20,orcd,5997908,send,,6,,789949,2543,2023/5/16 04:09
5b714cd6d7222c66107099d4a03a9347e22f8d8ee2ef32eb2c4b235756f00514,166669,133,orc-20,orc,1,send,10000,5,,789747,1463,2023/5/14 19:23
5ae10a0ca880719e4d235f435a3f730d31de193a720b9bbe68d525e626ba6942,239114,146,orc-20,orcd,5997908,send,,6,,790100,3076,2023/5/17 03:37
5acd7f45313ee7ac8ef0eb68f1666773d7d9a8fd749bb72e22c572eecec4b8fe,252815,291,orc-20,orcd,5997908,send,80000,5,,790437,2706,2023/5/19 09:40
59c7ede9b5ca96b2cec504d6b46612cdf2894954eee79c4f5c1da70805af3222,172536,134,orc-20,orc,1,send,10000,5,,789788,1841,2023/5/15 02:11
5900f791b96899e02c249e3806382ff62729a22ef9f8ff6ec82c983da170d032,159238,27,orc-20,orcd,5997908,send,,6,,789726,767,2023/5/14 16:14
58b0a68e7ac5e7449c9551834f600f8b91fe756ad27c276a5255356b9bf064cc,240407,237,orc-20,orc,2504160,send,,7,,790105,2141,2023/5/17 04:16
584d3af8b1eff3b1f2cc3a3b906a8f4e6ce25e51d75b331e73c183e055d78162,247726,228,orc-20,orcd,5997908,send,,6,,790280,381,2023/5/18 06:09
57d6d3f80b41d8b0271ee1247f5f6e280adb3574d212772bb07152798451880d,252212,267,orc-20,orcd,5997908,send,,6,,790389,2253,2023/5/19 02:34
574dad6c5bc7dad54d65d05a4a03d8fca52c06f1df1cfce81bb3837c8def1e5d,247725,227,orc-20,orcd,5997908,send,5000,5,,790279,1477,2023/5/18 06:06
5731f7863bd3fd3d50e480e560555c35a6222831a53fa7180e7f9a23b674206d,106714,59,orc-20,orc,1,send,,6,,789592,3729,2023/5/13 21:37
57254a6c9a9e747f11c8c77d6c97cbbf92c595c9a480fcc1ed4a800a3f28f14a,137940,11,orc-20,orcd,5997908,send,5000,5,,789687,2942,2023/5/14 12:11
5706a3f18338a692a549934b36d0a747a427c8e6e820d1713d39d14f3ba85f0d,232125,215,orc-20,orc,2504160,send,,6,,789952,681,2023/5/16 04:21
56b3c3ef8c7501533cde4df3ea8d430e5d59458dd3251282d24b2fa4e311f1a3,251343,241,orc-20,orcd,5997908,send,5000,5,,790312,2925,2023/5/18 10:09
569fe2e9c099bf02c2d552a27b7b80c8d6593608158f2519a8de7ec6820b63e6,245399,7,orc-20,ordinals,3388495,send,2000,5,,790248,1297,2023/5/18 02:49
5564e0dadad080d4ae03e205b97b829a80ee848ad436a44070c1a18630bb6762,248859,235,orc-20,orcd,5997908,send,,6,,790299,1095,2023/5/18 08:27
54a8bd2fcb8e3fbe1441d26a973b25f873b0fb4800deaf7074c4122184994d10,248885,23,orc-20,doge,3388833,send,1000000000,5,,790299,2319,2023/5/18 08:27
53c91272c0d71edf6c2491e45d5b36be43214ceb3a36ed223e9d35dea0e692c6,229268,207,orc-20,orc,5997908,send,,6,,789938,2974,2023/5/16 02:09
53ad0815265a44fb2657f0992a66537d60dbcb65a1fef45d0ad6b9d6036973ba,226095,198,orc-20,orc,2504160,send,,6,,789891,618,2023/5/15 17:52
537e245c7ab3c4487ed0d2a5f1e13dd551cb20d590b16f011fd0142666afa515,247719,225,orc-20,orcd,5997908,send,10000,5,,790278,1949,2023/5/18 05:54
535d0353da0ad9e37c5cc9750407a8db745952e32c7c649ffc32d9387b4547ec,92817,42,orc-20,orc,1,send,10000,5,,789559,1173,2023/5/13 17:02
523bbd17eae3df45a845890372d62e83fe0f13249f3b4fb6c6506fc1b0596d6a,244706,264,orc-20,orc,2504160,send,200000,5,,790195,3150,2023/5/17 16:38
51ce4bc0ac5a3c72dfbb52bd2b41cff7787ba0375f3067e3ea7a59c19c850b11,224010,179,orc-20,orc,2504160,send,,6,,789874,1632,2023/5/15 15:03
51b765de945d07a36d363ac9cce3dcb42c51ecb58c2755eb31be1dd79488473f,244708,266,orc-20,orc,2504160,send,,6,,790196,450,2023/5/17 16:50
5198208b0ac88637b3610ad4b0adfa9b8c013021d44a17f75e1cdf774eacf22a,251543,244,orc-20,orcd,5997908,send,2000,5,,790316,1775,2023/5/18 11:02
514cb79643101e80dd9c046a4c0cea35eddcd5cb29473197f446e91d4a26742e,223601,173,orc-20,orc,1,send,,6,,789872,1788,2023/5/15 14:34
513eff3ca12f938e7382d2776dac51e89dec1e1844b9b16b677e6d10497bdc3e,213946,167,orc-20,orc,2504160,send,,6,,789864,317,2023/5/15 13:39
50fbffd6bcc6bbe1a06404e80dbc37bf56b7b4b36832cbd71f7fdd3086853baf,120391,82,orc-20,orc,1,send,,6,,789643,324,2023/5/14 06:36
50dbf0382b77d1edd6c90e15c81955cac19582df7243d71457972857a6ce16f0,244635,195,orc-20,orcd,5997908,send,,6,,790185,2644,2023/5/17 15:25
50a67e695bb8f217fdc5fbb8b0b1e282f09aa94be5e444e090064527fbb3bf68,231401,75,orc-20,orcd,5997908,send,5000,5,,789946,3193,2023/5/16 03:40
50877acbe4fbf7219b091a3de08084784116c11c333df98ad6774c0993c3246a,244277,166,orc-20,orcd,5997908,send,3000,5,,790161,588,2023/5/17 12:31
4ff083088d2071663fbca16d0eb17b91cf8aa08985c7b73a7cba4ca9d0f987a0,216414,168,orc-20,orc,2504160,send,50000,5,,789866,2564,2023/5/15 14:08
4fdcc06e481dac1206bd6209382f8520cf898173ee776413a10d2c90f50642a5,248565,283,orc-20,orc,2504160,send,250000,5,,790292,200,2023/5/18 07:36
4cb85d4af5a6ba914f9870d3d4b9be9e26302472e97d07823515d07c989a87f3,232087,214,orc-20,orc,2504160,send,,6,,789951,1194,2023/5/16 04:12
4c5238b8cccfe18f915046d7be03036a00f46eb165bc288e69095ca7098e3df4,244302,172,orc-20,orcd,5997908,send,,6,,790167,148,2023/5/17 13:07
4c4f9dccad8931b88ef0a80c0bddda59de99c541cbbcc08f9bdf07f8bd3f2253,158635,121,orc-20,orc,1,send,10000,5,,789723,1306,2023/5/14 16:05
4bb7af71b7700361e5bd15374d4ea518f36af949f4c069f9b4c5171b8cb3c8e3,252965,298,orc-20,orc,2504160,send,,10,,790457,978,2023/5/19 11:57
4b6e13c37568ac532595190b38c23cba462858682dce1366e38bdfaa41cd505e,179081,37,orc-20,orcd,5997908,send,,6,,789819,369,2023/5/15 07:19
4b387d9c6bb3dc5cebfbc87fe8530b67d263fb80ed1ef0472faedc004fac4561,237634,141,orc-20,orcd,5997908,send,,6,,790092,611,2023/5/17 02:32
4b1b3d5814d26bccb41531ca15c7cc1f4eafc9cbc5b28f4d85f3d539185f013a,224133,52,orc-20,orcd,5997908,send,,6,,789875,2350,2023/5/15 15:22
4b1aa3edb22a8d84c630ab6db1fa12a3ef852b0411a9c4736fce8d8482444000,244486,178,orc-20,orcd,5997908,send,26000,5,,790172,2240,2023/5/17 13:54
4b0fdb101284f2369a6aede523d634ee03e94b7ea0a4d6873095acfc6aa4b973,251574,247,orc-20,orcd,5997908,send,20000,5,,790319,2784,2023/5/18 12:26
4aa1a157e0fe58a293ccdc7f8e46bb2034217d6e19660149572f415f04aad090,244637,262,orc-20,orc,2504160,send,100000,5,,790186,245,2023/5/17 15:32
4a2c6f9704b842d9ec0933c95fafa8129e93791f9d218791af6785da50ac1c7f,229472,208,orc-20,orc,5997908,send,,6,,789939,2925,2023/5/16 02:15
49508800d5522e21b4f69495cbf7de829466baba6a74ff7e61d7c8b356ee718e,233688,225,orc-20,orc,2504160,send,10000,5,,790010,471,2023/5/16 14:19
480b187b259e4bb2dbb794aa044a47e31f2e8ce423694276c384a512759a6495,248891,29,orc-20,doge,3388833,send,1000000000,5,,790299,2325,2023/5/18 08:27
47e4df79ba343336596ad14fb752ad47fffa192460dabd1f5a8c287297c8690b,234095,123,orc-20,orcd,5997908,send,,6,,790022,3863,2023/5/16 15:30
475be59c0a8df7648262795e23a0aa7897f2e59523ac810053bc843b00a61446,251537,286,orc-20,orc,2504160,send,,6,,790314,3719,2023/5/18 10:20
470e2ea75a4c5efc719583a0a365dd8851e1c4d2b67fef558b0192e077fb6a2c,244329,175,orc-20,orcd,5997908,send,26000,5,,790167,2156,2023/5/17 13:07
46898eb78e2a812379df256d0ff0ec0f1aec4f10f4466506dc72779175b8191a,135566,6,orc-20,orcd,5997908,send,,6,,789683,3109,2023/5/14 11:41
4568f4dcc3b26b71d3b147337ed3d0bf4e2513dc99b3cdeb7fc10da58ea4fe31,252640,287,orc-20,orcd,5997908,send,2000,5,,790426,1524,2023/5/19 08:33
4514f516644c542de7c4f8a2bcca90371bf5348412f438b39c469a12c486d8ea,231855,213,orc-20,orc,2504160,send,50000,5,,789949,1205,2023/5/16 04:09
451281f2df94bd3c621d6f4126fd6d5e948408ed8a950435d2296d85baf4449c,244238,163,orc-20,orcd,5997908,send,2000,5,,790155,2380,2023/5/17 11:34
4501549fad3e744ad94ca84305ea1620654350659acbec675f791e6aaca3b99d,120297,81,orc-20,orc,1,send,,6,,789642,3100,2023/5/14 06:32
44ac808720f5acb7f237862633341fa29f5e0b9244ecf51eb6f4e5a8112e8c02,93580,44,orc-20,orc,1,send,,6,,789560,4064,2023/5/13 17:08
449c9ec959977f8077a7be47daf0c5410a00060146cfac2ece165cc2e0df4fb1,248893,31,orc-20,doge,3388833,send,1000000000,5,,790299,2327,2023/5/18 08:27
448bab9d50eee96d730edb23a5e9aba754ea422a60f079b05bdb6aff57cca04f,228897,69,orc-20,orcd,5997908,send,5000,5,,789934,2831,2023/5/16 01:21
444328004e6ef4c55431a9339ca420af96d2a00e1a886dd72713b9a01877e308,208364,158,orc-20,orc,1,send,,6,,789853,4106,2023/5/15 12:35
4429cd880b951795c4e50e3d4edf6dcf60e18870918d760368b215534e03d6f3,242291,150,orc-20,orcd,5997908,send,,6,,790116,1869,2023/5/17 05:14
441a3554b08ee5d5b3a16cd24ab703bab575cae545118c6f53fd52f6ef3b3d1f,105459,49,orc-20,orc,1,send,,6,,789583,2192,2023/5/13 19:51
43dbf8162a184885d4efd4dad0c4139e5ae25abe1168b5c9acb26e144ab9ce5c,166514,131,orc-20,orc,1,send,,6,,789746,3460,2023/5/14 19:20
4352574db90f3a278d12e60948d8699f9588427645f81ee6a47ef53fa53dbeee,81270,34,orc-20,orc,3474071,send,3000,1,,789544,1662,2023/5/13 14:50
4351b31661be88c34f636e440dd5af1d08f1addc6f397f1b516e16a86b1a08b9,247718,224,orc-20,orcd,5997908,send,20000,5,,790278,1727,2023/5/18 05:54
433bed11617f75e9c82ca4b551b49d9cdee949ac2e0bf7a04e9966882bd40a95,252575,281,orc-20,orcd,5997908,send,,6,,790418,2850,2023/5/19 07:46
430842c69d8284219747de091db358c8dbade6f7025a48591ba5909678074c8f,225934,62,orc-20,orcd,5997908,send,5000,5,,789889,1404,2023/5/15 17:39
42f9dee7d85c951cc1885ca6600a49922f344de91e2214e17eb43c9ff167ad11,242310,241,orc-20,orc,2504160,send,100000,5,,790117,525,2023/5/17 05:21
4279bc8950b150a6521a4d97994f642b05b6fefacad2d9a0e7d171dc384481e8,224870,56,orc-20,orcd,5997908,send,,6,,789877,2897,2023/5/15 15:31
42492f3d723a2a0d517442d15d3b9f89a224c8927704cfce8398d6fe875a1b57,244270,164,orc-20,orcd,5997908,send,3000,5,,790159,783,2023/5/17 12:05
421246c5db7e2e5474dc88a991adf2f0242280a29a13fa4fc7d4399d4e501df1,234758,128,orc-20,orcd,5997908,send,,6,,790035,2409,2023/5/16 16:58
41edbad46d0a99b0ad0cb94f46c3082e338a1c7a73431bc8b93c41e4543fb12d,244641,198,orc-20,orcd,5997908,send,20000,5,,790186,3557,2023/5/17 15:32
41a59468ed3e08fece141eb20b33f2444e92d4ebb32060435a672f79bb284d82,242465,243,orc-20,orc,2504160,send,,6,,790118,815,2023/5/17 05:35
41a04dd93504d656034556bd9697c2e5a6cebdd585ed6ba63d2cd537387234e6,238568,143,orc-20,orcd,5997908,send,5000,5,,790097,1905,2023/5/17 03:24
40c0358cb1592a194e23364ef1974f3ffa6d15269bf2e6de3d0dfb09dbf4a34b,235417,137,orc-20,orcd,5997908,send,,6,,790054,1983,2023/5/16 20:17
40728c5c246c1f0adba857d26a174f785a6bb90dd4a39c3ae6cdeb71c768327a,251575,248,orc-20,orcd,5997908,send,,6,,790319,2792,2023/5/18 12:26
4056b1e65d11c8b310dfb605f911f84ff435675a4bda80049083272a3a6d1f9b,106774,61,orc-20,orc,1,send,,6,,789596,784,2023/5/13 22:23
3f99cfa9cce1f9030eaeb0a02851f5d90c1b80cea4dcd1b4b6fbc80c8e4065f5,248699,19,orc-20,doge,3388833,send,1000000000,5,,790297,3537,2023/5/18 08:17
3f6e499a6a65924f408ccefe2b117970b51bdd2f092020dd32d050f3d64eb997,244718,271,orc-20,orc,2504160,send,,89,,790199,2375,2023/5/17 17:31
3f6ced2d6952106456ce05270bc3706b761055d8092a021374bfc09bd3e65be8,30831,1,orc-20,#ordinalhashes,1,send,10,5,,789140,2737,2023/5/10 20:46
3ef5e01e056fdc1965bc33300e54b8720c47c20f27d666271843583908d4fd20,243156,151,orc-20,orcd,5997908,send,10000,5,,790124,1225,2023/5/17 06:43
3edb6ebf71a61ffa90208c42de8f8d09edb10899c54faa6e832d5ef0ecfb25e2,213434,165,orc-20,orc,2504160,send,100000,5,,789863,818,2023/5/15 13:36
3e426638962c058d145d589237460455dd8ed5b2be5843631d3fa2942e0b4cba,232869,95,orc-20,orcd,5997908,send,6000,5,,789972,2405,2023/5/16 07:37
3e153d21548c96e4e7fe0b4cb4d6403dbc5114729d5a5f69f6f8acec0aec661b,227819,200,orc-20,orc,2504160,send,,89,,789903,1263,2023/5/15 19:55
3dee02c999bccc9d18edc06b27c299a81fb81c514d25589ede4aba2731d9abe3,95088,47,orc-20,orc,1,send,,6,,789565,2834,2023/5/13 17:49
3d10017457aaaeae62565e0ae82968693fa7b675d02625e706fd7550cdeac3b2,112352,70,orc-20,orc,1,send,,6,,789630,2017,2023/5/14 04:26
3c550ec16cd377e4bdb72b302b1fba1cbd48824cff6ebbb91bff91c9c3671bfc,232912,97,orc-20,orcd,5997908,send,,6,,789973,2892,2023/5/16 08:00
3c06fa2d77a10cf79d4014a3d02e3f765878150d14be71351299efa4737f8168,232975,101,orc-20,orcd,5997908,send,,6,,789976,1053,2023/5/16 08:23
3b8bc80ec999341897772a94c73b42ba84c9703540dba8124b53ac67d924ae51,244465,177,orc-20,orcd,5997908,send,,6,,790171,985,2023/5/17 13:33
3b78cc76447d400efb87268e32ca878405427aea2565693692360e3cd84123ce,238455,234,orc-20,orc,2504160,send,10000,5,,790096,366,2023/5/17 03:01
3a6ce9ce3eec369435f1bd6a48bb58a3aab71cd06567f968759050c331d4250d,251576,287,orc-20,orc,2504160,send,10000,5,,790319,3820,2023/5/18 12:26
3a613897ed5e308e849d7b3759d2b94f4ff8b882b7c7ad42b04cfe6aab011fc6,248897,35,orc-20,doge,3388833,send,1000000000,5,,790299,2598,2023/5/18 08:27
39722e2fc65885829e454f6e02d3a99b896419eed171154a88db80cc41962dca,151611,114,orc-20,orc,1,send,,6,,789714,1089,2023/5/14 15:27
385a886f585d5a48613f9221736373ea079838f4af32b1747157e78ae829abe0,244273,253,orc-20,orc,1,send,,6,,790160,1657,2023/5/17 12:06
38107e9ff1218d04fdab453bc136b2111342daf7a0715f545a58e8d7fc2e6068,244801,209,orc-20,orcd,5997908,send,30000,5,,790220,989,2023/5/17 21:47
37a83f618918e3182db9bce8a1897c4ecc2f92abf4f8923cb8138e161f583487,244230,250,orc-20,orc,2504160,send,300000,5,,790153,68,2023/5/17 11:18
377ad7f85d7902db92337f33699a1e8bb3aa6cee665d4a8f2a5b6c11c6af626c,245603,216,orc-20,orcd,5997908,send,,6,,790251,3011,2023/5/18 02:59
3763b0814d3e545dd4bd24eb16c23781f2f57d73b82fd051f4e0f92d8df4595b,248230,281,orc-20,orc,2504160,send,300000,5,,790286,239,2023/5/18 07:11
371191b4c5c457b7fff46d6eecb448690498144da723094fa1730339f0bf815a,210603,163,orc-20,orc,1,send,10000,5,,789858,921,2023/5/15 13:00
36b446dbe5087a2fedea6e67546782dec3a8e5d825006497379e442943b21631,252524,275,orc-20,orcd,5997908,send,,6,,790404,2681,2023/5/19 04:37
363dfeeabb9ebe34d1b340279abac3afab9213f5548bdcea998069ee5cb5fbe8,225875,193,orc-20,orc,2504160,send,,6,,789888,1124,2023/5/15 17:27
35a4f10ec14d8083c2bf0afbf1bd35afaa58fe101c686854f7473c843712bee2,252816,11,orc-20,key,7356126,send,,14,,790437,2946,2023/5/19 09:40
3555ae2359dc781c45e8f55ae7f9603e0c7e93a0ba2b44d8f2d0a3c7c04d9393,252425,292,orc-20,orc,2504160,send,,8,,790395,2881,2023/5/19 03:10
354e520cab9fc39bd34421dffa8b796a12e3bfc227e5e9e376cb932d7aaa1d69,120861,84,orc-20,orc,1,send,,6,,789643,3507,2023/5/14 06:36
3546e43ac0ff310fc1e928c32f3e7ab80aed08d029cb8c4fd346406b3b852752,244493,3,orc-20,ordinals,3388495,send,1000,1,,790173,2703,2023/5/17 14:01
34f115981a1df19a945c5555da824f9ed67b5935d6f50bd1c4aadb48494ffeaf,105924,57,orc-20,orc,1,send,,6,,789587,4327,2023/5/13 20:41
3466101b7b8ea7615735160424f89afdc2e9100014a3b463b59c417df5eb4112,248882,20,orc-20,doge,3388833,send,1000000000,5,,790299,2316,2023/5/18 08:27
34546f2cd127968868edcabc72de5652728b33bb68ff0d7b6f459e16bd78c7ed,224142,181,orc-20,orc,2504160,send,30000,5,,789875,2447,2023/5/15 15:22
33ebc9ead4b2242fb47d91c759c52eca4c139382fc67bcf0978d400b2c48b2b6,80724,32,orc-20,orc,3387291,send,1000,5,,789543,2450,2023/5/13 14:46
3398044fa80cd626270641be620b1066681a8f30a30d8bab153ba263981003a4,105496,52,orc-20,orc,1,send,,6,,789583,2274,2023/5/13 19:51
3318cc83755edca3e887dca6e91d5c347f0f11fdcef77dd195fd25930fde104f,11624,4,orc-20,orc,1,send,5000,5,,788149,1030,2023/5/3 22:28
32a136d8142a8666502c1b4018d3969559a95de72a16d4af50c3b61a15caae3b,244952,211,orc-20,orcd,5997908,send,,6,,790229,1156,2023/5/17 22:22
329c3750d240bd4d15a6d3fe9c71161e144880fa39beac0468d556933db7b3f5,152109,118,orc-20,orc,1,send,,6,,789714,3224,2023/5/14 15:27
3243b58eca7d8ec6f5de3861b3dbb004f2c8335a59df9c92f0cdf4429c335b80,232710,91,orc-20,orcd,5997908,send,,6,,789968,497,2023/5/16 07:11
32061959d5083344fdecac72d2da2a890f87d8ed1e7996421e10a81701893edd,244621,192,orc-20,orcd,5997908,send,4000,5,,790183,1369,2023/5/17 15:00
31c275870a9d24cde5f085cb0e0305c323cde897489804389a7bfd1edf59a0d0,245604,217,orc-20,orcd,5997908,send,,6,,790252,1181,2023/5/18 03:11
315555f466fe28c240980d12413cc28ccac0c4edfa3766a7cf3ff689d35ae572,245310,4,orc-20,key,7356126,send,10000,1,,790241,1911,2023/5/18 00:24
30b1106531bfdf6c4532bb2b700c95e75370e41d115a08154f4085ea8ffe7a85,223869,175,orc-20,orc,2504160,send,10000,5,,789873,2486,2023/5/15 14:50
3059f7bd4d9fcc2b32acda160ba7664cd78b4fe4089b14f551fed4299ac9f169,252964,297,orc-20,orc,2504160,send,100000,9,,790457,753,2023/5/19 11:57
302cb80586ee67f045dc439c94d8bef38ce94ab9e71f8e580d95347a34c2b6ed,235254,134,orc-20,orcd,5997908,send,10000,5,,790047,638,2023/5/16 19:16
301a8262a79194b537b20fd852e7970511fb9f7cdc3360d5343a11e700693a83,244698,199,orc-20,orcd,5997908,send,,6,,790191,4372,2023/5/17 15:50
2f6aed7294cacc7363ae5601d5d7ef59e865dfacbac42311e35702a50cf7a25b,252817,292,orc-20,orcd,5997908,send,,6,,790437,4072,2023/5/19 09:40
2f5ccd03772a990032c0927d6c4fe4f7c20d1d7da30eaba2b9caf9435da4028e,134219,90,orc-20,orc,1,send,,6,,789679,4737,2023/5/14 11:20
2f352ab2bd6e0715a3bc0586066c638caea9803129a68cb76799e500be27aa09,245807,219,orc-20,orcd,5997908,send,,6,,790253,1797,2023/5/18 03:16
2ee2f070b102224137018d0537ece80ab71607a91e9f24d8c8d8ab1235a7484c,142555,98,orc-20,orc,1,send,,6,,789699,293,2023/5/14 13:09
2e95b4612f3d259b144b6894dc98691a434e77034de8ff674d5be08fdb4867aa,248231,231,orc-20,orcd,5997908,send,20000,5,,790286,3570,2023/5/18 07:11
2e82c16631c3a9adf46950cb422c49fddb599154b0ae915eb53a39941c14762b,233921,116,orc-20,orcd,5997908,send,10000,5,,790017,530,2023/5/16 15:03
2e7e733018b5a2498763584c78193a172c3a5d4e0b5abb6c311ef7e82edf8763,252504,273,orc-20,orcd,5997908,send,20000,5,,790401,2324,2023/5/19 04:24
2e1a6f42ea0e538f8a177394879136ef2c355afe0293f0a2364891ce9fd1ab92,248890,28,orc-20,doge,3388833,send,1000000000,5,,790299,2324,2023/5/18 08:27
2d20ff6f13f7785127cd2771ed4b93730c842a4b810bbe46ed8eb085573b0342,244728,272,orc-20,orc,2504160,send,40000,5,,790202,1074,2023/5/17 18:30
2cace824e366e14713402a01a6fc19ecc69998d430dc6fb6d7b6f3d923e5a91c,252826,297,orc-20,orcd,5997908,send,,6,,790446,4246,2023/5/19 10:39
2c831ef81a76ecf21983bd02d77a707cb609581c28dfae93624f1a11b593eb00,248883,21,orc-20,doge,3388833,send,1000000000,5,,790299,2317,2023/5/18 08:27
2ad6e33d1f7da160253c2350993b01f1005396108cc7b5dc41c91736893caec6,216799,49,orc-20,orcd,5997908,send,10000,5,,789867,1733,2023/5/15 14:12
2ab8b853bdee08d626e3b915e7f3bed500dfbb8c3ab60b54ad7635d1364b9efc,142536,96,orc-20,orc,1,send,,6,,789698,2919,2023/5/14 13:06
2a78a1db340710007fb66c69bf596a3dd74e8409d838260f7db71a4f84bd39c3,28332,17,orc-20,orc,1,send,10000,5,,788382,2157,2023/5/5 15:46
2a1804205a63ddeeb48772808ff65e060e1a1bca130a51d941ea9d3c9af58365,238569,235,orc-20,orc,2504160,send,,6,,790097,2263,2023/5/17 03:24
29f9cebb1cbd0641252ff9de22899986023b583a2e3beb540bafa6359253cc1d,245378,213,orc-20,orcd,5997908,send,,6,,790245,2681,2023/5/18 01:42
29b8dc2fb0f97c0d7dff8c452d1a3cc3d5331bd476d46b00a5471be87ec99add,112355,71,orc-20,orc,1,send,,6,,789630,2041,2023/5/14 04:26
29a8d6d9dc59382ac01ec0f6eed10ba63ad18d12fd1d17a253ff67c85ff8e212,216720,170,orc-20,orc,1,send,10000,5,,789867,1200,2023/5/15 14:12
293e3d34ce71952c5ee18b1bfb8920d826a87821cc7d6e9a9e6077fd98b47679,131007,5,orc-20,orcd,5997908,send,,6,,789675,2589,2023/5/14 10:52
28e05fa4028263d305a2f6458b4344318689e5b25180e7f7d6cca20773fceaee,193085,150,orc-20,orc,1,send,,6,,789843,831,2023/5/15 11:02
288f311ea383d372089dc509d1cdbca8d713542ff0a06b67928cdca8a76bfc6f,233760,110,orc-20,orcd,5997908,send,10000,5,,790010,3160,2023/5/16 14:19
2779762e4306c13f00a77fab1c4c983520c53cf560cc52dac1f6e046bb13cb54,248688,8,orc-20,doge,3388833,send,1000000000,5,,790297,3526,2023/5/18 08:17
27773920eb791d57f99d493b0fc8aa3b20cb429074c1999363314970f81fa877,233999,227,orc-20,orc,2504160,send,20000,5,,790022,1008,2023/5/16 15:30
274d0fcfca0e580185fa52881ea2560a66206644e9feee0bcf14fa09874297fa,252805,10,orc-20,key,7356126,send,,5,,790433,2856,2023/5/19 09:10
271c4471aa690415b5e49e03b12204b7d32630bc47d58ec4ebdf51dca7664d6f,165451,129,orc-20,orc,1,send,10000,5,,789742,663,2023/5/14 18:48
270ea4da25ce9c604af251e65fcad2514035835269ccb5bcd8226cc7f2c003a0,157584,24,orc-20,orcd,5997908,send,4000,5,,789721,623,2023/5/14 15:58
26f051018259bdd6bfaa750bbb35057ae83f00a9d948aeb7e13eca1cb1aed5fe,251616,250,orc-20,orcd,5997908,send,20000,5,,790324,2750,2023/5/18 13:11
25da25e985292fded99d97955451cb7d06bb203e12457fe0b4ef1f6b1499673d,248682,2,orc-20,doge,3388833,send,1000000000,5,,790297,3520,2023/5/18 08:17
25d605a434540803847db7645ee3843348ea1adcc2e89361ba4e44dc5d4d6aa5,248892,30,orc-20,doge,3388833,send,1000000000,5,,790299,2326,2023/5/18 08:27
25d4740bbe485289d514bee32cd60352378cb64bb51b95f603a87522f972168a,67277,31,orc-20,orc,2504160,send,10000,5,,789521,2781,2023/5/13 09:54
257b6f28c692c62a861476c87d47fc67acd44d45529651aedaa921e54b15aab6,208431,161,orc-20,orc,1,send,,6,,789854,2249,2023/5/15 12:44
24ec1b1862640cc2e67f80b48381a6ff33c8ebd93ff5d87b1ddbf0f517bf7e0b,225906,61,orc-20,orcd,5997908,send,,6,,789888,2306,2023/5/15 17:27
24cc6b50875da7da9285da421e36357a2676673843ef2a3c895c15092c5c0d1e,136000,7,orc-20,orcd,5997908,send,5000,5,,789684,1154,2023/5/14 11:44
24436b6a31ad556d8a7d87b0b51c93738f644d42a3fae7fc47ecb451506f2fa6,252801,6,orc-20,key,7356126,send,,13,,790433,2852,2023/5/19 09:10
23f2d22514bf13c89b3665faf34d6a994d34deead2ccea1a5c94ec68c4dc622b,244293,170,orc-20,orcd,5997908,send,10000,5,,790166,91,2023/5/17 12:56
23ae238393541244a8604c01d5c0646dd6371260048578e89912bb9398b24f0a,248884,22,orc-20,doge,3388833,send,1000000000,5,,790299,2318,2023/5/18 08:27
2385819a5963162a428716b2d253c7160e5ca620191a737e5ffaae6d15b67ebc,252526,276,orc-20,orcd,5997908,send,14000,5,,790405,1103,2023/5/19 04:43
232f1b4f68fb11262ea2589d6b194292f1da8fdc6c4186fc5b5b3a26aba816fa,244017,249,orc-20,orc,2504160,send,10000,5,,790145,847,2023/5/17 10:10
224ba6726e2a7b671181e8c8a8faa0af579994655a0cb6a5c0327cbd5d7d88af,118773,79,orc-20,orc,1,send,,6,,789640,1771,2023/5/14 06:23
2234a183a2112900bf5ae926d90559d601194d8800f2b707869776c7fcf9b244,232985,102,orc-20,orcd,5997908,send,,6,,789976,2478,2023/5/16 08:23
2221b5e085115cc5f1cb51ff51f7e11b21e4ddf223751ff18fc3cae00d11f98f,224819,55,orc-20,orcd,5997908,send,,11,,789877,2551,2023/5/15 15:31
2196d05862d1d8f3f645ce09b114c8c5cd7744c9b7928f65f774e1afca4f4093,252825,296,orc-20,orcd,5997908,send,,6,,790442,2223,2023/5/19 10:22
214897151591ce4eb5da6fcdc8eb7dd654856cb1e6e940002d45be280cf723d7,138173,13,orc-20,orcd,5997908,send,,6,,789688,602,2023/5/14 12:12
214476bde28384c555fce1995ae03d56b38d065daede87c14b103551a39835d9,236415,139,orc-20,orcd,5997908,send,5000,5,,790088,292,2023/5/17 02:13
2110bb6cc2200ae0341eb051d62812c33609bd5d73d5492dc9484c7560bda026,243975,160,orc-20,orcd,5997908,send,10000,5,,790142,3244,2023/5/17 09:32
20e19b2b46f8ee5422491b80924fdb7403e2bb63f41cef8adf7d50a884565c8e,213435,166,orc-20,orc,2504160,send,100000,5,,789863,906,2023/5/15 13:36
204d52c8c079665441051d9278dd3dc7b246801f5d994d2000e345f9518da95a,233671,109,orc-20,orcd,5997908,send,,6,,790009,686,2023/5/16 14:16
1fd68b3b7b0bc656930a0fcc6c2478468606fe4d42215a6c64b6794d0a3c8c9e,252802,7,orc-20,key,7356126,send,,9,,790433,2853,2023/5/19 09:10
1f65c0c970422f6d6946cd6a3dce428132cb3a47f2ce83ad40c38d6ba60da87e,120803,83,orc-20,orc,1,send,,6,,789643,2738,2023/5/14 06:36
1f5263393eb4c478d67e833a37e9ccc702260f757951732fcd1effb96cf8c16d,233576,108,orc-20,orcd,5997908,send,10000,5,,790006,3270,2023/5/16 13:37
1f3c3d19d7f6e55900c3b18296657da9d1546bd121348f7cca1582b4669243c7,252623,284,orc-20,orcd,5997908,send,,6,,790423,3080,2023/5/19 08:10
1ed2c3bf184f8ba911607fb079465535912d5afd96634ba47e27b70c29e0090b,224710,53,orc-20,orcd,5997908,send,4000,5,,789877,1609,2023/5/15 15:31
1e645e49c8794be49c4d9aba4e25d9f80f9a70a9ef9df51c8c355a96158c6ac4,149130,20,orc-20,orcd,5997908,send,1000,5,,789710,2389,2023/5/14 14:36
1e2b6e2f0c9c7882f277d10bc6e150a6e16804c89d583221474eb1e459e88224,251784,258,orc-20,orcd,5997908,send,10000,5,,790369,1988,2023/5/18 22:06
1cc7b8e79326db5148d44e6880e40b66635f3f80f47993b38a54f585c986fb99,252502,5,orc-20,key,7356126,send,,1,,790398,1830,2023/5/19 03:20
1bbf82b13483000c6a07169844156806d10d85cf1ddd034c086af0acbafda571,252115,289,orc-20,orc,2504160,send,10000,5,,790385,1698,2023/5/19 01:41
1b31e019ed5729b56c56d8c6dfe97b7e24b599639c68b56594887109351a46e6,233912,114,orc-20,orcd,5997908,send,2000,5,,790016,3156,2023/5/16 14:42
1b2f8a9173d792e402c3f9a022bfcf8b65a46253ada788ab770849d12e8e02d1,198893,46,orc-20,orcd,5997908,send,8000,5,,789846,4577,2023/5/15 11:14
1b0ee8b31a95e217e3af49d4eca531e0c549708e78294cc680188b3b7062b22c,235272,135,orc-20,orcd,5997908,send,,6,,790049,155,2023/5/16 19:25
1a9eecd1376f38476933b8bfb71b74cb3f198ce7f44bb09bf479a950f4a3c8f0,228620,65,orc-20,orcd,5997908,send,10000,5,,789928,1819,2023/5/16 00:32
1a34610bb275c31a9600076e1c5516f547573ca6d306479694cec61d6bb190d6,9912,2,orc-20,orc,1,send,10000,5,,788144,1890,2023/5/3 21:43
19e49d3bf5b7576162b75ffe7f13aeffe83834fb49f5567ca197784d0f47d1af,251652,252,orc-20,orcd,5997908,send,,6,,790326,3281,2023/5/18 13:23
18cfa495ad83383c6e235651aa9e404c741a4fb0ed6425857360c98eeeeefcea,142289,94,orc-20,orc,1,send,,6,,789698,744,2023/5/14 13:06
18c31416230ae0c4310e45c64c60c2c09e19061ffc4e86e393d18c8614ec7b3e,248598,233,orc-20,orcd,5997908,send,10000,5,,790293,965,2023/5/18 07:37
189fa262a28e7892f54070cfda63232112db461e6abdd5b7e739787da5e64e99,244278,167,orc-20,orcd,5997908,send,30000,5,,790161,1945,2023/5/17 12:31
17c066bfe738346c760400778a823ebc616d6714facba8b4c99121b16606805d,244276,165,orc-20,orcd,5997908,send,,6,,790160,3420,2023/5/17 12:06
17146dab512dadb87144b0cc99761b00fd83312c2c34dc076e220ba1fa7194de,189964,148,orc-20,orc,2504160,send,,6,,789840,1838,2023/5/15 10:23
16eb210543ca03dd1fcf088c8a64e6f4f41039c261a007deacbd075f820e30b6,244610,186,orc-20,orcd,5997908,send,21000,5,,790180,1866,2023/5/17 14:50
16ba23d82071fbde3b6bdbefdd384e13265d7f1424b78408fae3f558cdebdbea,244811,210,orc-20,orcd,5997908,send,9000,5,,790222,1306,2023/5/17 22:00
1690c565bb33fc4e64cd6c65befd0548f6ebe95e22ef9209547739bfb81dd4ca,90933,41,orc-20,orc,1,send,,6,,789554,4041,2023/5/13 16:11
15ea26ebaaa343c0c6cd2484c2cfa5e7a1cb7f9889bdfb28d44696ea931c5336,113548,72,orc-20,orc,3474071,send,10000,1,,789631,2815,2023/5/14 04:34
1577956b5cca315a76b9ae9fe7454af56f4f19cb1f2efde9275ea27b50c07349,251577,288,orc-20,orc,2504160,send,,6,,790320,1135,2023/5/18 12:34
152dbed6dc886506f04ee69d6c3b55861085202296224e76acd1f63c77a274b3,28354,19,orc-20,orc,1,send,,6,,788435,1694,2023/5/6 02:20
14b7ebd362b81119c02a72d226d1f84042558c73516acbdee48c4a3075b196db,165759,32,orc-20,orcd,5997908,send,,6,,789744,1075,2023/5/14 18:57
148f079cf8b65d9ab83b85fcb4ab63a151584adc67c6da170ea97ceb1b1769be,106715,60,orc-20,orc,1,send,,6,,789592,3733,2023/5/13 21:37
133def3688a02060b7f4ec14eeee79367f78ed2ef92ceba8855bae730fbd366d,245401,215,orc-20,orcd,5997908,send,35000,5,,790248,1615,2023/5/18 02:49
11d6d6ad7b9b4007761f3f03384cba8c5f62230ec0ffa9f9b977229dfb50b42f,233917,115,orc-20,orcd,5997908,send,,6,,790016,3711,2023/5/16 14:42
11bd26cadb8d32610888e20f6a57de2b634bd711281c9eec463a4e92e8b01c5a,225877,194,orc-20,orc,2504160,send,10000,5,,789888,1262,2023/5/15 17:27
1106bb461e2edde63d1a1b4038288155d8c50aa45fcd85d1b5b4fc145aefe78f,244269,252,orc-20,orc,1,send,20000,5,,790158,4578,2023/5/17 11:46
10411af29379af4ce50101867924dd2cefc0ebab4009594c6c4756981733993f,244490,180,orc-20,orcd,5997908,send,,6,,790173,785,2023/5/17 14:01
0f2562e58383cad5fa0b0bb59e4a2b9dc7411e978fd4e0ee7cf58670ee268f61,149198,108,orc-20,orc,1,send,,6,,789710,2573,2023/5/14 14:36
0f012c724aab42ad799914fbe83a1302b7756ce6332ef22340ad38cb6b67c80d,113993,73,orc-20,orc,1,send,,6,,789633,941,2023/5/14 04:58
0e2cab60d34f303786591d5683b135cd148650f1b3c95879402fb6deb67e3534,244501,182,orc-20,orcd,5997908,send,,6,,790174,889,2023/5/17 14:08
0d496a4e31c5e5ecc535f68c0b1aa4e35bcf5811320bf266ad9ca87259e46d31,151086,113,orc-20,orc,1,send,10000,5,,789713,1662,2023/5/14 15:14
0cc426af5b46742db1b2fc883fe6c104528b3b3c0e6bef93b497d20d2335c405,248658,10,orc-20,ordinals,3388495,send,,6,,790297,2587,2023/5/18 08:17
0c3c590d8d2f7618c3819e5a1d8d1dca85b35136f6160693dd90cdc1f3c07349,225593,190,orc-20,orc,2504160,send,10000,5,,789882,2558,2023/5/15 16:08
0bb5421072cae798d58d7556a40100a9b1ee0d456300d09b98ad32c7bcbea1fd,231515,79,orc-20,orcd,5997908,send,,6,,789947,3900,2023/5/16 03:49
0ba420ff3f78012b1770913e5a01ec6cbf86b6a0b0cba70e0f7b60559cf819c5,247456,276,orc-20,orc,2504160,send,10000,5,,790271,3549,2023/5/18 04:59
0b94e9e438adb51f1dc1e422216501d9dd333711930eebf1f81111d9df335168,27011,13,orc-20,orc,1,send,10000,5,,788288,2897,2023/5/4 20:47
0b74f8a20fb247ea76e6110724f8e1be6593aba5c4f921ca6a66e1be3c1d7ea7,11623,3,orc-20,orc,1,send,10000,5,,788149,760,2023/5/3 22:28
0b6fd387a56ed76c0276521a6b5bee81b41caea7b228efee6e1c6752eb32ae5f,181573,145,orc-20,orc,2504160,send,10000,5,,789827,2333,2023/5/15 08:04
0b5f691b40bd2db6be00e5ecd2507b651fe71fb652b8363b3faecf1363f7bd0c,229247,70,orc-20,orcd,5997908,send,5000,5,,789938,1740,2023/5/16 02:09
0b5b1d548b1613e3b1cf5dbdb375ac618765028098a29405a7d6455808dfff1c,231881,81,orc-20,orcd,5997908,send,,6,,789949,2275,2023/5/16 04:09
0b35ba8648215820d71183ec7c9526998b0d2d859f8385e164f6119919df462c,234771,129,orc-20,orcd,5997908,send,,6,,790035,2755,2023/5/16 16:58
0af1eb6897822a53daa5b85c498d4cce97cd94a234a1dcb3f756621a6ab741d8,244506,184,orc-20,orcd,5997908,send,1000,5,,790175,1665,2023/5/17 14:14
0ab5c4e1e028ca6340a75d3f354f4e0c692e6976d78c91ed712768c689ddec23,229585,209,orc-20,orc,5997908,send,,6,,789940,2069,2023/5/16 02:17
0a158da8c30f4bb01189dc73b9f0d1ed48baf8a45af000f216c2c0acb38a003c,234549,231,orc-20,orc,2504160,send,10000,5,,790030,607,2023/5/16 16:25
099edbaa086758be4f8f3d6ec7a91ca3f3437182f9829d1ceebed77187df553f,247717,277,orc-20,orc,2504160,send,10000,5,,790278,1719,2023/5/18 05:54
0925509e7156a76d7a2c268bfe73afad1a03c6180bdd910602167f22748c57c3,248895,33,orc-20,doge,3388833,send,1000000000,5,,790299,2329,2023/5/18 08:27
074a218fe6fc02978de4f621a9d60195b4189767f545e158fdd448a4146bce68,244294,171,orc-20,orcd,5997908,send,,6,,790166,2071,2023/5/17 12:56
07242aae680ad71a841a71be4e6efe7b3b0bdd71c8e42c8b4c4f8b48ba934400,252634,286,orc-20,orcd,5997908,send,200000,5,,790426,242,2023/5/19 08:33
070885373522f524efa0e7a6cbe9b958eaa40f3c641e2c8eaedd62dd8b2227f0,252215,269,orc-20,orcd,5997908,send,5000,5,,790390,1991,2023/5/19 02:38
05e7518c23c52769e231f8486b4ed43f31ab527e50ec856ba3f617109121078b,57821,23,orc-20,orc,3383342,send,10000,5,,789503,4129,2023/5/13 07:30
05c1e830d465a10d9c79fb3db9b33156ce7e36259ce0e2647a9a98e647fc56fb,227884,204,orc-20,orc,2504160,send,,6,,789904,994,2023/5/15 20:11
0552fbb8fbc2e7f471fa28928b71c60b770cec7c12a667b9b176071b5220c643,216446,48,orc-20,orcd,5997908,send,,6,,789866,2708,2023/5/15 14:08
04ba73da39d8107550eb6bc56d43be07b8a4f706888b6f5ac367ac4da15eefd4,249970,237,orc-20,orcd,5997908,send,,6,,790303,1013,2023/5/18 08:48
0440dc8d8d23ebeaeed975cdc57ec30bd3d5f8a0ad8d7a6a2c9e770ed02a3880,251053,240,orc-20,orcd,5997908,send,20000,5,,790308,1655,2023/5/18 09:08
0379cf806999e9378622437cba21c272077060c60c63911665a73b29fe4b90f0,140103,14,orc-20,orcd,5997908,send,,6,,789690,3818,2023/5/14 12:25
030947b42a27e7a92b217fa84eee18ade41ce6e616f9897af2daa1be09f26af2,243485,158,orc-20,orcd,5997908,send,,6,,790133,428,2023/5/17 07:42
02e158fee0162550e644ce4ab5bf09aacfcc6a7835db2e0cbed87893b18b28f1,155113,23,orc-20,orcd,5997908,send,,6,,789717,3395,2023/5/14 15:45
0217825c8dbe6fd1a81b2394d2d87969a9d8adddf6d73d2867903852e68e0153,176503,140,orc-20,orc,1,send,10000,5,,789807,1673,2023/5/15 05:33
01fd1030a81fabb2c8047c900c2afb0cf4635ce185e238fe566a956790d5e3e8,251825,259,orc-20,orcd,5997908,send,2000,5,,790374,327,2023/5/18 23:09
01e19050d95f704ef0d47b37eb83e3b8c908ff8048747b114e123a32ab95f7d0,233537,106,orc-20,orcd,5997908,send,4000,5,,790004,564,2023/5/16 13:19
019f2e6bc311facc0b737f153115855d69d6a80f1ea766da381c5c24cc6d52e0,233927,118,orc-20,orcd,5997908,send,20000,5,,790019,2146,2023/5/16 15:06
013b1b5d14bce4584005e82656ac86a5cc276509d098c0f2a7c259236545e8d3,24033,8,orc-20,orc,1,send,5000,5,,788220,1595,2023/5/4 07:33
011669b9170dc1604d2c19be9697666fd71e9f60c193d96e4d0d72af02c093cb,152108,22,orc-20,orcd,5997908,send,1000,5,,789714,3218,2023/5/14 15:27
00fb7273966e0b96db1f4b052b89b22a4e725d2c06aea4d171f7cb0bda4ee247,151670,1,orc-20,punk,3387933,send,2,5,,789714,1419,2023/5/14 15:27
0042a8681bc568c3e0d621b193f1b3d810239c931ea9da27069dc863e0165fd3,244640,197,orc-20,orcd,5997908,send,20000,5,,790186,3553,2023/5/17 15:32
